"xVOut2","VOut2","IOut2","xIOut2"
"1.2000000569969416","4.984725475311279","4.000242233276367","1.2000000569969416"
"1.200439059175551","4.993579864501953","3.998812437057495","1.5000032726675272"
"1.2019907590001822","4.981103897094727","3.9979217052459717","1.5000057173892856"
"1.2019978603348136","4.981032848358154","3.840056896209717","1.5004442539066076"
"1.2024414027109742","4.993511199951172","3.8386309146881104","1.5004482120275497"
"1.203990774229169","4.981114387512207","3.283320665359497","1.5019908314570785"
"1.2039978755638003","4.981043338775635","3.282350540161133","1.5019935090094805"
"1.20443943887949","4.9934916496276855","3.2818479537963867","1.5019949059933424"
"1.2057708809152246","4.983152389526367","3.279510259628296","1.5020013088360429"
"1.2059977743774652","4.980996608734131","3.2785961627960205","1.502003869973123"
"1.2064417824149132","4.993494033813477","3.278346300125122","1.502004568465054"
"1.207768451422453","4.983242034912109","3.129265308380127","1.5024186577647924"
"1.207997789606452","4.981073379516602","3.127838373184204","1.5024226158857346"
"1.2084392365068197","4.993526935577393","2.637159585952759","1.5037857228890061"
"1.2097706785425544","4.983212947845459","2.5633206367492676","1.5039907302707434"
"1.2099978048354387","4.981058597564697","2.5630393028259277","1.5039915451779962"
"1.2104387860745192","4.993494510650635","2.5614864826202393","1.5039958525449038"
"1.2115592835471034","4.984893321990967","2.559509754180908","1.5040013240650296"
"1.2119978200644255","4.980992317199707","2.558598518371582","1.5040038852021098"
"1.2124405475333333","4.993461608886719","2.5583481788635254","1.5040045836940408"
"1.2135584838688374","4.984899997711182","2.432203531265259","1.5043549938127398"
"1.2139978352934122","4.981002330780029","2.4314444065093994","1.5043570892885327"
"1.2144389329478145","4.993441104888916","2.4307899475097656","1.504358951933682"
"1.2155580334365368","4.984851837158203","1.843320608139038","1.50599074549973"
"1.215997850522399","4.980942249298096","1.8430392742156982","1.505991560406983"
"1.2164401123300195","4.993403434753418","1.8421305418014526","1.505994121544063"
"1.2175586307421327","4.984829902648926","1.8414862155914307","1.5059958677738905"
"1.2179978657513857","4.980930805206299","1.8407831192016602","1.5059978468343616"
"1.2184403603896499","4.993401050567627","1.8387370109558105","1.506003551185131"
"1.2195592280477285","4.984837532043457","1.8379217386245728","1.5060057630762458"
"1.2199977645650506","4.980947494506836","1.7463297843933105","1.5062602469697595"
"1.220438745804131","4.993382930755615","1.7405239343643188","1.5062763122841716"
"1.221108715981245","4.987560272216797","1.7400312423706055","1.5062777092680335"
"1.2219977797940373","4.980881690979004","1.7394680976867676","1.5062792226672173"
"1.2224400416016579","4.993339538574219","1.123420000076294","1.5079905278980732"
"1.2231100117787719","4.987524032592773","1.1228092908859253","1.5079921577125788"
"1.223997795023024","4.980862617492676","1.1223498582839966","1.5079934382811189"
"1.2244387762621045","4.993295192718506","1.1214845180511475","1.5079958830028772"
"1.2251089792698622","4.987466812133789","1.1207813024520874","1.5079978620633483"
"1.2259978102520108","4.980782985687256","1.1187267303466797","1.5080035664141178"
"1.2264400720596313","4.993239402770996","1.117919921875","1.5080057783052325"
"1.2268859427422285","4.988292217254639","1.050333857536316","1.5081935562193394"
"1.2279978254809976","4.980754375457764","1.049852728843689","1.5081948367878795"
"1.2284390395507216","4.993190288543701","1.0493029356002808","1.5081963501870632"
"1.2288849102333188","4.988237380981445","0.4036000072956085","1.5099899610504508"
"1.2299978407099843","4.980679035186768","0.40342000126838684","1.50999054312706"
"1.2304398696869612","4.993129730224609","0.4028093218803406","1.5099921729415655"
"1.2308856239542365","4.988181114196777","0.40234994888305664","1.5099934535101056"
"1.231997855938971","4.980636119842529","0.4018471837043762","1.5099948504939675"
"1.2324394192546606","4.993078231811523","0.4000000059604645","1.5100004384294152"
"1.23258912935853","4.988823413848877","0.40078797936439514","2.510002115741372"
"1.2339978711679578","4.9805731773376465","0.4012642502784729","2.510003512725234"
"1.2344397837296128","4.993022918701172","0.4018736779689789","2.5100051425397396"
"1.2345159193500876","4.988988876342773","0.5480586886405945","2.510411199182272"
"1.2359977699816227","4.980526924133301","0.5485354661941528","2.510412596166134"
"1.2364411959424615","4.993010997772217","0.549002468585968","2.510413993149996"
"1.2379977852106094","4.980570316314697","1.0432677268981934","2.511786762624979"
"1.238439348526299","4.993021488189697","1.043956995010376","2.511788858100772"
"1.2399978004395962","4.980544567108154","1.116679310798645","2.51199072226882"
"1.2404407607391477","4.99302339553833","1.1171903610229492","2.5119921192526817"
"1.241997815668583","4.980585098266602","1.1176494359970093","2.5119935162365437"
"1.242441707290709","4.993093967437744","1.1185145378112793","2.51199584454298"
"1.2439978308975697","4.980710506439209","1.1192177534103394","2.511997940018773"
"1.2444411404430866","4.99321985244751","1.1204776763916016","2.512001432478428"
"1.2459978461265564","4.980855464935303","1.1207976341247559","2.512002130970359"
"1.246002153493464","4.984445571899414","1.1216602325439453","2.512004692107439"
"1.2464396422728896","4.993334770202637","1.121995210647583","2.5120056234300137"
"1.2479907600209117","4.981006145477295","1.2783347368240356","2.512439852580428"
"1.2479978613555431","4.980935573577881","1.2790619134902954","2.512441948056221"
"1.2484383769333363","4.993375301361084","1.2796272039413452","2.512443345040083"
"1.2499907752498984","4.980981826782227","1.2804021835327148","2.5124456733465195"
"1.249997760169208","4.980911731719971","1.8366798162460327","2.5139907374978065"
"1.250439090654254","4.9933600425720215","1.8374196290969849","2.5139928329735994"
"1.251770299859345","4.9830427169799805","1.8381410837173462","2.5139949284493923"
"1.2519977753981948","4.980885982513428","1.8384417295455933","2.5139956269413233"
"1.2524399207904935","4.99335241317749","1.8390430212020874","2.513997256755829"
"1.253726426512003","4.983438014984131","1.840108036994934","2.5140002835541964"
"1.2539977906271815","4.980899810791016","1.8409266471862793","2.514002611860633"
"1.254440052434802","4.993371486663818","1.84148371219635","2.514004008844495"
"1.2557351728901267","4.983389377593994","1.8426485061645508","2.514007268473506"
"1.2559978058561683","4.980928421020508","1.8433562517166138","2.514009363949299"
"1.2564384378492832","4.993361949920654","2.0218138694763184","2.514505060389638"
"1.2576970038935542","4.983656406402588","2.022059440612793","2.514505758881569"
"1.257997821085155","4.980861663818359","2.4826064109802246","2.5157849304378033"
"1.2584414798766375","4.993359565734863","2.4832959175109863","2.515787025913596"
"1.259740092791617","4.983360290527344","2.5566794872283936","2.5159907527267933"
"1.2599978363141418","4.980945587158203","2.5574254989624023","2.515992848202586"
"1.2604447547346354","4.993534564971924","2.558151960372925","2.515994943678379"
"1.2614005245268345","4.986220359802246","2.55905818939209","2.5159972719848156"
"1.2619978515431285","4.981276035308838","2.5601065158843994","2.516000298783183"
"1.2624377850443125","4.993732929229736","2.561464309692383","2.5160040240734816"
"1.263557351194322","4.985217571258545","2.562624931335449","2.5160072837024927"
"1.2639978667721152","4.981328964233398","2.5633206367492676","2.516009146347642"
"1.2644381495192647","4.993767261505127","2.7736806869506836","2.516593551263213"
"1.26556062605232","4.985188961029053","2.773939609527588","2.516594249755144"
"1.2659977655857801","4.981311321258545","3.276679277420044","2.51799076795578"
"1.2664370005950332","4.99371337890625","3.278156280517578","2.517994958907366"
"1.2671077856794","4.9878764152526855","3.279064178466797","2.5179972872138023"
"1.2679977808147669","4.9811787605285645","3.2801060676574707","2.51800031401217"
"1.26843829639256","4.993592739105225","3.2814524173736572","2.5180040393024683"
"1.2691057054325938","4.987759590148926","3.2826099395751953","2.5180072989314795"
"1.2699977960437536","4.981044769287109","3.2833011150360107","2.5180091615766287"
"1.270438195206225","4.993450164794922","3.52559494972229","2.518682274967432"
"1.2710326118394732","4.9879374504089355","3.5268476009368896","2.518685767427087"
"1.2719978112727404","4.98087739944458","3.9966793060302734","2.5199907831847668"
"1.2724396074190736","4.993312835693359","3.998155117034912","2.5199949741363525"
"1.2728410074487329","4.9884819984436035","3.9990627765655518","2.519997302442789"
"1.273997826501727","4.980769634246826","4","2.5200003292411566"
"1.274439156986773","4.993197441101074","3.9998362064361572","3.5000001080334187"
"1.2748850276693702","4.988234519958496","",""
"1.2759978417307138","4.980652332305908","",""
"1.276441034860909","4.99312162399292","",""
"1.2768867891281843","4.988173484802246","",""
"1.2779978569597006","4.980637073516846","",""
"1.2784396531060338","4.993084907531738","",""
"1.278589479625225","4.98883056640625","",""
"1.2799978721886873","4.980584144592285","",""
"1.280440716072917","4.993055820465088","",""
"1.2805168516933918","4.989022731781006","",""
"1.281997887417674","4.980591773986816","",""
"1.282439799979329","4.993049144744873","",""
"1.283997786231339","4.980573654174805","",""
"1.2844412121921778","4.993063449859619","",""
"1.2859978014603257","4.98063850402832","",""
"1.2864418094977736","4.993151664733887","",""
"1.2879978166893125","4.980776786804199","",""
"1.2882417067885399","4.989012718200684","",""
"1.2884394964203238","4.99324893951416","",""
"1.2899978319182992","4.980829238891602","",""
"1.2902321759611368","4.988875389099121","",""
"1.2904395116493106","4.993293285369873","",""
"1.291997847147286","4.980856418609619","",""
"1.2920021545141935","4.9844465255737305","",""
"1.2924456968903542","4.993464469909668","",""
"1.2939907610416412","4.981309413909912","",""
"1.2939978623762727","4.981239318847656","",""
"1.2944376794621348","4.993699550628662","",""
"1.2959905434399843","4.981386661529541","",""
"1.2959978776052594","4.981313705444336","",""
"1.2964395573362708","4.993788242340088","",""
"1.297768554650247","4.9835591316223145","",""
"1.2979977764189243","4.98139762878418","",""
"1.2984367785975337","4.993806838989258","",""
"1.2997699668630958","4.983471870422363","",""
"1.299997791647911","4.981309413909912","",""
"1.300438423641026","4.993734836578369","",""
"1.3016778975725174","4.9841742515563965","",""
"1.3019978068768978","4.981217861175537","",""
"1.3024400686845183","4.993679523468018","",""
"1.303702243603766","4.983953475952148","",""
"1.3039978221058846","4.98120641708374","",""
"1.3044384540989995","4.993638515472412","",""
"1.3056743191555142","4.984103202819824","",""
"1.3059978373348713","4.98111629486084","",""
"1.306438585743308","4.993542671203613","",""
"1.3075520982965827","4.984974384307861","",""
"1.307997852563858","4.98101282119751","",""
"1.3084481470286846","4.993655204772949","",""
"1.3094014720991254","4.986367702484131","",""
"1.309997751377523","4.981438636779785","",""
"1.310438965447247","4.9939284324646","",""
"1.3113270979374647","4.987010955810547","",""
"1.3119978830218315","4.9815802574157715","",""
"1.312440144829452","4.994073390960693","",""
"1.3131106970831752","4.988307476043701","",""
"1.3139977818354964","4.98171329498291","",""
"1.3144387630745769","4.994173526763916","",""
"1.3151108287274837","4.988381385803223","",""
"1.3159977970644832","4.981761455535889","",""
"1.3164388947188854","4.9942145347595215","",""
"1.3171095633879304","4.988417625427246","",""
"1.31799781229347","4.981777667999268","",""
"1.318437745794654","4.994196891784668","",""
"1.3188839657232165","4.989248752593994","",""
"1.3199978275224566","4.981696605682373","",""
"1.320438925176859","4.994129180908203","",""
"1.3208850286900997","4.98917818069458","",""
"1.3219978427514434","4.981626987457275","",""
"1.32243731059134","4.994020462036133","",""
"1.3228838797658682","4.98905086517334","",""
"1.3239978579804301","4.981449604034424","",""
"1.3244441943243146","4.993990898132324","",""
"1.3248504837974906","4.9891815185546875","",""
"1.3259978732094169","4.981616020202637","",""
"1.3264406006783247","4.99411153793335","",""
"1.3265168527141213","4.990082263946533","",""
"1.3279977720230818","4.981718063354492","",""
"1.3284276938065886","4.993908405303955","",""
"1.3284392189234495","4.99417781829834","",""
"1.3299977872520685","4.981740951538086","",""
"1.3304379535838962","4.9941630363464355","",""
"1.3319978024810553","4.981659889221191","",""
"1.3324377359822392","4.9940643310546875","",""
"1.333997817710042","4.981509685516357","",""
"1.3342683669179678","4.99024772644043","",""
"1.3344393810257316","4.9939422607421875","",""
"1.3359978329390287","4.98140811920166","",""
"1.3362603494897485","4.989986896514893","",""
"1.336439629085362","4.99384880065918","",""
"1.3379978481680155","4.981321334838867","",""
"1.338002155534923","4.9849114418029785","",""
"1.3384412741288543","4.993804931640625","",""
"1.3399907620623708","4.981411933898926","",""
"1.3399978633970022","4.981341361999512","",""
"1.340441289357841","4.993838310241699","",""
"1.3419907772913575","4.981489181518555","",""
"1.3419977622106671","4.981419086456299","",""
"1.3424386270344257","4.993860721588135","",""
"1.3437691377475858","4.9835405349731445","",""
"1.3439977774396539","4.9813714027404785","",""
"1.344446325674653","4.993983745574951","",""
"1.3457447057589889","4.984094619750977","",""
"1.3459977926686406","4.981741428375244","",""
"1.346439472399652","4.994239330291748","",""
"1.347769284620881","4.984045028686523","",""
"1.3479978078976274","4.9818949699401855","",""
"1.3484373921528459","4.994326114654541","",""
"1.3495569583028555","4.985775947570801","",""
"1.349997823126614","4.98187255859375","",""
"1.350437174551189","4.994276523590088","",""
"1.3515567407011986","4.985674858093262","",""
"1.3519978383556008","4.981751441955566","",""
"1.352439634501934","4.994198322296143","",""
"1.3535598991438746","4.985602855682373","",""
"1.3539978535845876","4.9817094802856445","",""
"1.354438834823668","4.994145393371582","",""
"1.3553495518863201","4.986988067626953","",""
"1.3559978688135743","4.981622219085693","",""
"1.3564398977905512","4.994078159332275","",""
"1.3575535267591476","4.985533237457275","",""
"1.3579977676272392","4.981592178344727","",""
"1.3584407279267907","4.994068145751953","",""
"1.3591082533821464","4.9882707595825195","",""
"1.359997782856226","4.981614589691162","",""
"1.3604387640953064","4.994051933288574","",""
"1.3611064059659839","4.98823881149292","",""
"1.3619977980852127","4.98154878616333","",""
"1.3624404091387987","4.994015216827393","",""
"1.3630322646349669","4.9885478019714355","",""
"1.3639978133141994","4.981542587280273","",""
"1.3644404243677855","4.994017124176025","",""
"1.3648407766595483","4.989215850830078","",""
"1.3659978285431862","4.981566429138184","",""
"1.3664382277056575","4.993992805480957","",""
"1.3668397441506386","4.9891743659973145","",""
"1.367997843772173","4.981478214263916","",""
"1.3684399891644716","4.993935585021973","",""
"1.3688387116417289","4.989124774932861","",""
"1.3699978590011597","4.981441020965576","",""
"1.370445010252297","4.994022846221924","",""
"1.370583544485271","4.989808082580566","",""
"1.3719978742301464","4.9817280769348145","",""
"1.372440834529698","4.994246482849121","",""
"1.372509985230863","4.990249156951904","",""
"1.3739977730438113","4.98191499710083","",""
"1.3744370080530643","4.994336128234863","",""
"1.375997788272798","4.981863975524902","",""
"1.3764379546046257","4.9942827224731445","",""
"1.3779978035017848","4.981770992279053","",""
"1.3782595051452518","4.990339756011963","",""
"1.3784399488940835","4.994225978851318","",""
"1.3799978187307715","4.981740474700928","",""
"1.3802722096443176","4.990565299987793","",""
"1.3804390328004956","4.994182109832764","",""
"1.3819978339597583","4.981684684753418","",""
"1.382265007123351","4.990363121032715","",""
"1.3824386987835169","4.994113445281982","",""
"1.383997849188745","4.9815874099731445","",""
"1.3840021565556526","4.985177040100098","",""
"1.384444534778595","4.994146347045898","",""
"1.3859907630831003","4.981881141662598","",""
"1.3859978644177318","4.981811046600342","",""
"1.3864397769793868","4.994292736053467","",""
"1.387990778312087","4.981965065002441","",""
"1.3879978796467185","4.981894493103027","",""
"1.388438860885799","4.994345664978027","",""
"1.3897687895223498","4.984062671661377","",""
"1.3899977784603834","4.981894493103027","",""
"1.3904394581913948","4.994353294372559","",""
"1.391735509969294","4.9843549728393555","",""
"1.3919977936893702","4.981895446777344","",""
"1.3924393570050597","4.994350433349609","",""
"1.3937681214883924","4.9840593338012695","",""
"1.393997808918357","4.981884002685547","",""
"1.3944392558187246","4.994330406188965","",""
"1.395684783346951","4.984737396240234","",""
"1.3959978241473436","4.981842041015625","",""
"1.3964386889711022","4.994277000427246","",""
"1.3975522015243769","4.985723972320557","",""
"1.3979978393763304","4.98176908493042","",""
"1.3984402175992727","4.994231224060059","",""
"1.3995537301525474","4.985690116882324","",""
"1.3999978546053171","4.981753349304199","",""
"1.4004380209371448","4.994166374206543","",""
"1.4013603795319796","4.986924648284912","",""
"1.4019978698343039","4.981619834899902","",""
"1.4024454867467284","4.994197845458984","",""
"1.403408357873559","4.986795425415039","",""
"1.4039977686479688","4.9818830490112305","",""
"1.40443816781044","4.994333744049072","",""
"1.4051060425117612","4.988547325134277","",""
"1.4059977838769555","4.981884956359863","",""
"1.4064384158700705","4.994318962097168","",""
"1.4070299221202731","4.9888434410095215","",""
"1.4079977991059422","4.981817722320557","",""
"1.4084393624216318","4.994266033172607","",""
"1.4091070042923093","4.988457679748535","",""
"1.409997814334929","4.981779098510742","",""
"1.4104401925578713","4.994242191314697","",""
"1.4108879258856177","4.989297866821289","",""
"1.4119978295639157","4.981780052185059","",""
"1.4124393928796053","4.994227886199951","",""
"1.4128396287560463","4.989417552947998","",""
"1.4139978447929025","4.9817352294921875","",""
"1.4144382439553738","4.994157791137695","",""
"1.4148374320939183","4.989338397979736","",""
"1.4159978600218892","4.981619358062744","",""
"1.416440587490797","4.994085788726807","",""
"1.4165905304253101","4.989831924438477","",""
"1.417997875250876","4.981609344482422","",""
"1.4184382744133472","4.994028091430664","",""
"1.4185075415298343","4.990019798278809","",""
"1.4199977740645409","4.981478214263916","",""
"1.4204407343640924","4.9939446449279785","",""
"1.4219977892935276","4.981464862823486","",""
"1.422438188455999","4.993880271911621","",""
"1.4239978045225143","4.981332778930664","",""
"1.4244390185922384","4.993755340576172","",""
"1.425997819751501","4.981204986572266","",""
"1.4264396158978343","4.993638038635254","",""
"1.4279978349804878","4.981098651885986","",""
"1.4284411445260048","4.993569850921631","",""
"1.4299978502094746","4.981090068817139","",""
"1.4300021575763822","4.984679222106934","",""
"1.4304394135251641","4.993534088134766","",""
"1.4319905312731862","4.981101989746094","",""
"1.4319978654384613","4.981028079986572","",""
"1.4324408257380128","4.993499279022217","",""
"1.433990546502173","4.981106281280518","",""
"1.433997880667448","4.981032371520996","",""
"1.4344417722895741","4.993534564971924","",""
"1.4357708860188723","4.983271598815918","",""
"1.435997779481113","4.981125831604004","",""
"1.4364385278895497","4.993564128875732","",""
"1.4377700863406062","4.98323917388916","",""
"1.4379977947100997","4.981077194213867","",""
"1.438439590856433","4.993528366088867","",""
"1.439770101569593","4.983208179473877","",""
"1.4399978099390864","4.9810471534729","",""
"1.4404396060854197","4.993497848510742","",""
"1.4415568439289927","4.98492956161499","",""
"1.4419978251680732","4.981014251708984","",""
"1.4424388064071536","4.9934468269348145","",""
"1.4435560442507267","4.984861850738525","",""
"1.44399784039706","4.98093318939209","",""
"1.444441033527255","4.993410587310791","",""
"1.4455578057095408","4.984859466552734","",""
"1.4459978556260467","4.980957508087158","",""
"1.4464401174336672","4.993423938751221","",""
"1.4475577045232058","4.984869956970215","",""
"1.4479978708550334","4.980967044830322","",""
"1.4484390849247575","4.993411064147949","",""
"1.4495569048449397","4.984838962554932","",""
"1.4499977696686983","4.980923175811768","",""
"1.4504396822303534","4.993375301361084","",""
"1.4511093031615019","4.987560749053955","",""
"1.451997784897685","4.980893135070801","",""
"1.452439813874662","4.993349075317383","",""
"1.4531094348058105","4.987536907196045","",""
"1.4539978001266718","4.980872631072998","",""
"1.454440993256867","4.993355751037598","",""
"1.4551106141880155","4.987558364868164","",""
"1.4559978153556585","4.980921268463135","",""
"1.4564401935786009","4.993394374847412","",""
"1.4568861806765199","4.988461017608643","",""
"1.4579978305846453","4.980956554412842","",""
"1.4584388118237257","4.993398189544678","",""
"1.4588850317522883","4.988452911376953","",""
"1.459997845813632","4.980915069580078","",""
"1.460439176298678","4.993357181549072","",""
"1.460885163396597","4.988408088684082","",""
"1.4619978610426188","4.980863571166992","",""
"1.4624384930357337","4.993285655975342","",""
"1.4625882031396031","4.9890289306640625","",""
"1.4639978762716055","4.9807562828063965","",""
"1.4644395560026169","4.993196487426758","",""
"1.4645156916230917","4.989161491394043","",""
"1.4659977750852704","4.980682849884033","",""
"1.4664414338767529","4.993170261383057","",""
"1.4679977903142571","4.980728626251221","",""
"1.468441216275096","4.993223190307617","",""
"1.4699978055432439","4.980812072753906","",""
"1.4704407658427954","4.9933061599731445","",""
"1.4719978207722306","4.980907440185547","",""
"1.472230302169919","4.988919734954834","",""
"1.4724389184266329","4.993361473083496","",""
"1.4739978360012174","4.980909824371338","",""
"1.474225427955389","4.9888224601745605","",""
"1.4744381187483668","4.993335723876953","",""
"1.475997851230204","4.980830669403076","",""
"1.4760021585971117","4.984420299530029","",""
"1.476439880207181","4.993285655975342","",""
"1.4779905322939157","4.980881690979004","",""
"1.4784386148676276","4.993237018585205","",""
"1.4799907803535461","4.980792999267578","",""
"1.4799978816881776","4.980721950531006","",""
"1.4804385136812925","4.993140697479248","",""
"1.4817698393017054","4.98276948928833","",""
"1.4819977805018425","4.980599403381348","",""
"1.4824402751401067","4.993053436279297","",""
"1.4837702037766576","4.9827189445495605","",""
"1.4839977957308292","4.980556011199951","",""
"1.484439242631197","4.9929938316345215","",""
"1.485769753344357","4.982646942138672","",""
"1.485997810959816","4.980478286743164","",""
"1.4864403055980802","4.992936134338379","",""
"1.4875568449497223","4.984366416931152","",""
"1.4879978261888027","4.980449199676514","",""
"1.4884420670568943","4.992956161499023","",""
"1.489558955654502","4.984432697296143","",""
"1.4899978414177895","4.980550765991211","",""
"1.4904390554875135","4.993001937866211","",""
"1.4915576903149486","4.984439849853516","",""
"1.4919978566467762","4.980535507202148","",""
"1.4924390707165003","4.992977619171143","",""
"1.4935570070520043","4.984403133392334","",""
"1.493997871875763","4.9804887771606445","",""
"1.4944402500987053","4.992952823638916","",""
"1.495557720772922","4.984394073486328","",""
"1.4959977706894279","4.980490684509277","",""
"1.4964392175897956","4.9929375648498535","",""
"1.4971091877669096","4.98712158203125","",""
"1.4979977859184146","4.980453014373779","",""
"1.4984417939558625","4.992954254150391","",""
"1.4991115313023329","4.987166404724121","",""
"1.4999978011474013","4.98054838180542","",""
"1.5004397137090564","4.99586820602417","",""
"1.5011096838861704","4.994896411895752","",""
"1.5030857175588608","5.01626443862915","",""
"1.505012041889131","5.042437553405762","",""
"1.50718679651618","5.072653770446777","",""
"1.5097858849912882","5.105105400085449","",""
"1.5101501485332847","5.115052223205566","",""
"1.5106169739738107","5.113898754119873","",""
"1.5121522592380643","5.122808933258057","",""
"1.5127799706533551","5.1183271408081055","",""
"1.514152274467051","5.119758605957031","",""
"1.5147890662774444","5.112632751464844","",""
"1.5159978065639734","5.102553844451904","",""
"1.5162511263042688","5.104254245758057","",""
"1.5179978217929602","5.085745811462402","",""
"1.518217846751213","5.09277868270874","",""
"1.519997837021947","5.07519006729126","",""
"1.5202900394797325","5.083395004272461","",""
"1.5203015645965934","5.083625793457031","",""
"1.5219978522509336","5.0695061683654785","",""
"1.5220034401863813","5.072240829467773","",""
"1.5223578084260225","5.079132556915283","",""
"1.5237920451909304","5.0660786628723145","",""
"1.52393348980695","5.066778182983398","",""
"1.5243884408846498","5.076441764831543","",""
"1.5259323408827186","5.063051700592041","",""
"1.5263999812304974","5.073885917663574","",""
"1.5277708880603313","5.06196403503418","",""
"1.5284043038263917","5.071549892425537","",""
"1.5297677600756288","5.060007095336914","",""
"1.5299899969249964","5.058343410491943","",""
"1.5304065309464931","5.069469928741455","",""
"1.5316668432205915","5.058929920196533","",""
"1.5324022388085723","5.067436695098877","",""
"1.533767324872315","5.055996417999268","",""
"1.5339339151978493","5.054510116577148","",""
"1.5343998093158007","5.065530300140381","",""
"1.5356610529124737","5.0551018714904785","",""
"1.5359320677816868","5.05272102355957","",""
"1.5363991260528564","5.063782691955566","",""
"1.5375894727185369","5.054053783416748","",""
"1.5379340620711446","5.05108118057251","",""
"1.5383940190076828","5.062064170837402","",""
"1.539477496407926","5.0531487464904785","",""
"1.539932913146913","5.049513816833496","",""
"1.5403933357447386","5.060544490814209","",""
"1.5414177905768156","5.0522308349609375","",""
"1.541940146125853","5.048014163970947","",""
"1.542390906251967","5.059028625488281","",""
"1.5431642532348633","5.052281856536865","",""
"1.5438846312463284","5.046738147735596","",""
"1.5443888260051608","5.057703495025635","",""
"1.5451278304681182","5.0512614250183105","",""
"1.5459340065717697","5.045372009277344","",""
"1.5463869785889983","5.056342124938965","",""
"1.5469362260773778","5.050754547119141","",""
"1.5478844288736582","5.044151782989502","",""
"1.5483866445720196","5.055173397064209","",""
"1.5488550998270512","5.049981117248535","",""
"1.5499319415539503","5.042986869812012","",""
"1.5503839822486043","5.053925037384033","",""
"1.550803310237825","5.048835277557373","",""
"1.5518906293436885","5.041800022125244","",""
"1.5523836482316256","5.052901268005371","",""
"1.5528271906077862","5.047844409942627","",""
"1.553933834657073","5.040810585021973","",""
"1.5543829649686813","5.051742076873779","",""
"1.5548324445262551","5.04656457901001","",""
"1.5558837912976742","5.039712429046631","",""
"1.5563826309517026","5.050821781158447","",""
"1.5565056819468737","5.04658842086792","",""
"1.5579320024698973","5.038820743560791","",""
"1.5583774074912071","5.04965353012085","",""
"1.558420481160283","5.045754909515381","",""
"1.5598508762195706","5.037749290466309","",""
"1.5603866195306182","5.0489888191223145","",""
"1.5619320329278708","5.037064552307129","",""
"1.5623789513483644","5.047844409942627","",""
"1.563826110213995","5.036015510559082","",""
"1.5642239013686776","5.0436506271362305","",""
"1.5643795486539602","5.047049045562744","",""
"1.5659094788134098","5.0351972579956055","",""
"1.5663782833144069","5.046067237854004","",""
"1.5678536146879196","5.034240245819092","",""
"1.5680034412071109","5.037653923034668","",""
"1.5683776000514627","5.045314311981201","",""
"1.5699303476139903","5.033542633056641","",""
"1.5703784301877022","5.044440269470215","",""
"1.5718501526862383","5.032723903656006","",""
"1.5718844952061772","5.032646179199219","",""
"1.5723810065537691","5.043713092803955","",""
"1.5737684443593025","5.033030033111572","",""
"1.5743760159239173","5.042821884155273","",""
"1.5757693909108639","5.031769752502441","",""
"1.5758509980514646","5.031108856201172","",""
"1.5763782430440187","5.042219638824463","",""
"1.5775864012539387","5.033076286315918","",""
"1.5779323875904083","5.030439376831055","",""
"1.5783755807206035","5.041284561157227","",""
"1.5796467196196318","5.03121280670166","",""
"1.579851727001369","5.029553413391113","",""
"1.5803747810423374","5.040547847747803","",""
"1.5815987717360258","5.031209468841553","",""
"1.5818859683349729","5.028852462768555","",""
"1.5823773574084044","5.039863109588623","",""
"1.5833766665309668","5.032054424285889","",""
"1.5838856343179941","5.028131008148193","",""
"1.5843770233914256","5.0392351150512695","",""
"1.5854189405217767","5.03121280670166","",""
"1.5858829719945788","5.0275187492370605","",""
"1.5863735461607575","5.038364887237549","",""
"1.587252481840551","5.031223297119141","",""
"1.5878527192398906","5.02670955657959","",""
"1.58837775234133","5.037846565246582","",""
"1.5891905641183257","5.0313520431518555","",""
"1.589932362549007","5.026113986968994","",""
"1.590375672094524","5.036980152130127","",""
"1.5913347015157342","5.0292816162109375","",""
"1.5918515855446458","5.025295734405518","",""
"1.592376851476729","5.036392688751221","",""
"1.5931372763589025","5.030166149139404","",""
"1.5938866417855024","5.024774074554443","",""
"1.5943764010444283","5.035635471343994","",""
"1.5949421795085073","5.0301032066345215","",""
"1.5958527801558375","5.023996829986572","",""
"1.5963752521201968","5.03501558303833","",""
"1.596862100996077","5.02989387512207","",""
"1.5978856245055795","5.023353576660156","",""
"1.5983744524419308","5.034271717071533","",""
"1.5987575752660632","5.02938985824585","",""
"1.5998511807993054","5.022659778594971","",""
"1.6003752825781703","5.033660411834717","",""
"1.6008735401555896","5.028503894805908","",""
"1.601886353455484","5.022002220153809","",""
"1.6023758798837662","5.032965660095215","",""
"1.6025457298383117","5.028607368469238","",""
"1.6038870671764016","5.021295547485352","",""
"1.6043775249272585","5.0323896408081055","",""
"1.6044345684349537","5.028427600860596","",""
"1.605886616744101","5.020740032196045","",""
"1.6063767252489924","5.031681060791016","",""
"1.607884420081973","5.020007133483887","",""
"1.6083773225545883","5.031102180480957","",""
"1.6098831547424197","5.019472122192383","",""
"1.6103769885376096","5.030405044555664","",""
"1.611882820725441","5.01871395111084","",""
"1.6123749082908034","5.029749870300293","",""
"1.6138787614181638","5.018085479736328","",""
"1.6140034422278404","5.021527290344238","",""
"1.6143762040883303","5.029160022735596","",""
"1.6158849466592073","5.017486572265625","",""
"1.6159905353561044","5.018852233886719","",""
"1.616378896869719","5.028552055358887","",""
"1.6178855439648032","5.016876220703125","",""
"1.6183756524696946","5.027851581573486","",""
"1.6197694931179285","5.017009735107422","",""
"1.6198854427784681","5.016179084777832","",""
"1.6203754348680377","5.027220249176025","",""
"1.6217041993513703","5.017019271850586","",""
"1.6218827804550529","5.015556812286377","",""
"1.6223794082179666","5.026648044586182","",""
"1.6237698728218675","5.015981197357178","",""
"1.623885938897729","5.015018463134766","",""
"1.6243777936324477","5.025998592376709","",""
"1.6256558010354638","5.016139984130859","",""
"1.6258867690339684","5.014299392700195","",""
"1.6263768775388598","5.025384426116943","",""
"1.627555931918323","5.0164055824279785","",""
"1.627885620109737","5.013723850250244","",""
"1.6283746808767319","5.024669647216797","",""
"1.6294278902933002","5.016482830047607","",""
"1.6298521077260375","5.013084888458252","",""
"1.630375161767006","5.024001121520996","",""
"1.6312970547005534","5.016777038574219","",""
"1.6318896086886525","5.012335300445557","",""
"1.6323765739798546","5.023426532745361","",""
"1.6331736696884036","5.016931056976318","",""
"1.6338865971192718","5.011760711669922","",""
"1.6343770548701286","5.022797584533691","",""
"1.6353233950212598","5.0153985023498535","",""
"1.6358847497031093","5.011127948760986","",""
"1.6363795148208737","5.0222930908203125","",""
"1.637119334191084","5.0161519050598145","",""
"1.6379337757825851","5.010643482208252","",""
"1.6383776674047112","5.021561145782471","",""
"1.6389411175623536","5.01606559753418","",""
"1.6398851294070482","5.0099053382873535","",""
"1.6403773333877325","5.021004676818848","",""
"1.6408745432272553","5.015874862670898","",""
"1.6418849118053913","5.00940465927124","",""
"1.6423792112618685","5.020357608795166","",""
"1.6428276430815458","5.015307903289795","",""
"1.643887022510171","5.008664608001709","",""
"1.6443803906440735","5.019826412200928","",""
"1.6447837697342038","5.014980792999268","",""
"1.6459299949929118","5.008153438568115","",""
"1.6463755164295435","5.019036769866943","",""
"1.6469104448333383","5.013619422912598","",""
"1.6478556208312511","5.007391929626465","",""
"1.6483800718560815","5.018589019775391","",""
"1.6485063824802637","5.014385223388672","",""
"1.6499314224347472","5.006887435913086","",""
"1.6503799706697464","5.01785945892334","",""
"1.6504265367984772","5.013946533203125","",""
"1.6518518095836043","5.006274700164795","",""
"1.6523607773706317","5.016867637634277","",""
"1.652388134971261","5.017505168914795","",""
"1.6539321513846517","5.005804061889648","",""
"1.6543808160349727","5.016709327697754","",""
"1.6558481147512794","5.0050554275512695","",""
"1.656220993027091","5.012719631195068","",""
"1.6563885146752","5.016403675079346","",""
"1.6579609364271164","5.004604816436768","",""
"1.6583781689405441","5.015552520751953","",""
"1.659849425777793","5.0038743019104","",""
"1.6600033268332481","5.007240295410156","",""
"1.6603878466412425","5.015203475952148","",""
"1.6619457164779305","5.003478527069092","",""
"1.662388094700873","5.014579772949219","",""
"1.6638844972476363","5.002830982208252","",""
"1.664379728026688","5.013988971710205","",""
"1.6657679807394743","5.0034003257751465","",""
"1.6659310786053538","5.002270221710205","",""
"1.6663820715621114","5.013308048248291","",""
"1.667681848630309","5.003274917602539","",""
"1.6678845277056098","5.0016093254089355","",""
"1.6683833673596382","5.012790203094482","",""
"1.6696652164682746","5.003138542175293","",""
"1.6699074767529964","5.001096248626709","",""
"1.6703815199434757","5.012064456939697","",""
"1.6715365927666426","5.0031023025512695","",""
"1.6718864208087325","5.000360488891602","",""
"1.6723796725273132","5.011509418487549","",""
"1.6734496457502246","5.003417491912842","",""
"1.6739335842430592","4.999837398529053","",""
"1.6743815504014492","5.010844707489014","",""
"1.6753418603911996","5.0033063888549805","",""
"1.6758908750489354","4.999120712280273","",""
"1.676382846198976","5.010360240936279","",""
"1.6774939140304923","5.00201940536499","",""
"1.6779085854068398","4.998673439025879","",""
"1.6783835599198937","5.009683609008789","",""
"1.6794218681752682","5.001606464385986","",""
"1.679884037002921","4.997986793518066","",""
"1.6803909093141556","5.00935173034668","",""
"1.6812070971354842","5.002955436706543","",""
"1.6819899901747704","4.997653484344482","",""
"1.6823861515149474","5.008672714233398","",""
"1.6831146785989404","5.002408027648926","",""
"1.6838846495375037","4.996914863586426","",""
"1.6843825578689575","5.008144855499268","",""
"1.6849227249622345","5.002898216247559","",""
"1.685933442786336","4.996388912200928","",""
"1.686384086497128","5.007449150085449","",""
"1.6868733800947666","5.002241611480713","",""
"1.6878858441486955","4.9957380294799805","",""
"1.688390620984137","5.007096767425537","",""
"1.6887588426470757","5.002406120300293","",""
"1.6899900510907173","4.995412349700928","",""
"1.6903907526284456","5.00651741027832","",""
"1.6907739918679","5.00164794921875","",""
"1.6919306945055723","4.994760513305664","",""
"1.6923859948292375","5.005885124206543","",""
"1.6928898403421044","5.000708103179932","",""
"1.6939073102548718","4.994143962860107","",""
"1.6943858936429024","5.005265235900879","",""
"1.6945168608799577","5.001016616821289","",""
"1.695932587608695","4.993580341339111","",""
"1.6963864909484982","5.004708290100098","",""
"1.69642292894423","5.0008769035339355","",""
"1.697908854112029","4.992980003356934","",""
"1.6983873210847378","5.0041117668151855","",""
"1.6999319195747375","4.992392063140869","",""
"1.7003866378217936","5.0035223960876465","",""
"1.7019330989569426","4.991788864135742","",""
"1.7023867694661021","5.002934455871582","",""
"1.7039314843714237","4.991204261779785","",""
"1.7043865518644452","5.002349853515625","",""
"1.7059310339391232","4.9906110763549805","",""
"1.7060034442692995","4.9939069747924805","",""
"1.7063891282305121","5.001822471618652","",""
"1.7079106764867902","4.990095615386963","",""
"1.7079649260267615","4.990292072296143","",""
"1.7083882121369243","5.001211166381836","",""
"1.709934207610786","4.989495754241943","",""
"1.7103898571804166","5.000706672668457","",""
"1.7117708921432495","4.990227222442627","",""
"1.7119341064244509","4.988945007324219","",""
"1.7123885918408632","5.000092506408691","",""
"1.7137696268036962","4.989416599273682","",""
"1.7139327246695757","4.988380432128906","",""
"1.7143889563158154","4.999568939208984","",""
"1.715768943540752","4.989087104797363","",""
"1.7159320414066315","4.9878010749816895","",""
"1.7163867596536875","4.998910427093506","",""
"1.7176801338791847","4.988946437835693","",""
"1.7178832786157727","4.987231254577637","",""
"1.7183908494189382","4.998483180999756","",""
"1.7196978442370892","4.988705635070801","",""
"1.7199339345097542","4.986733436584473","",""
"1.7203902825713158","4.997865676879883","",""
"1.7214118270203471","4.989934921264648","",""
"1.7219317378476262","4.986124038696289","",""
"1.7223911127075553","4.997370719909668","",""
"1.7234422266483307","4.9894585609436035","",""
"1.7239305889233947","4.985616683959961","",""
"1.7243915935978293","4.996789455413818","",""
"1.725454581901431","4.988625526428223","",""
"1.7259061569347978","4.985022068023682","",""
"1.7263924237340689","4.996280193328857","",""
"1.7271145479753613","4.990246772766113","",""
"1.7279313178732991","4.984517574310303","",""
"1.728392904624343","4.99573278427124","",""
"1.729178591631353","4.989303112030029","",""
"1.7299099126830697","4.983960151672363","",""
"1.7303935019299388","4.995192050933838","",""
"1.7311149276793003","4.989144325256348","",""
"1.731933793053031","4.9834136962890625","",""
"1.732394564896822","4.994682312011719","",""
"1.732902484945953","4.989493370056152","",""
"1.7339319456368685","4.982880592346191","",""
"1.7343935323879123","4.9941277503967285","",""
"1.7348866676911712","4.988985538482666","",""
"1.7359325429424644","4.982326984405518","",""
"1.7363919178023934","4.993551731109619","",""
"1.7369012348353863","4.988341808319092","",""
"1.7379303462803364","4.981751918792725","",""
"1.7383948434144258","4.993062973022461","",""
"1.7386486288160086","4.9885735511779785","",""
"1.7399316420778632","4.981278419494629","",""
"1.740393927320838","4.992500305175781","",""
"1.7405266407877207","4.988250255584717","",""
"1.7419311916455626","4.980679035186768","",""
"1.7423954559490085","4.99199914932251","",""
"1.7424346879124641","4.988148212432861","",""
"1.7439331859350204","4.980210781097412","",""
"1.744394190609455","4.991440773010254","",""
"1.7459308728575706","4.979617118835449","",""
"1.7463958356529474","4.990941524505615","",""
"1.7479335656389594","4.979159355163574","",""
"1.748397946357727","4.990470886230469","",""
"1.749933697283268","4.978662490844727","",""
"1.7503980780020356","4.9899725914001465","",""
"1.7519313842058182","4.978171348571777","",""
"1.7520035617053509","4.981350898742676","",""
"1.7523986753076315","4.9894819259643555","",""
"1.7539316322654486","4.977684020996094","",""
"1.754396827891469","4.988958358764648","",""
"1.7559340922161937","4.977121829986572","",""
"1.7563991714268923","4.988476753234863","",""
"1.757769612595439","4.978097438812256","",""
"1.7579899867996573","4.976700782775879","",""
"1.7584001179784536","4.988037109375","",""
"1.7597710248082876","4.9776387214660645","",""
"1.759990002028644","4.976223945617676","",""
"1.7603978049010038","4.98751974105835","",""
"1.7617706907913089","4.977038383483887","",""
"1.7619337886571884","4.975675582885742","",""
"1.7624000320211053","4.987029552459717","",""
"1.7635264666751027","4.978558540344238","",""
"1.7639900324866176","4.975205898284912","",""
"1.7643988830968738","4.986545085906982","",""
"1.7655319534242153","4.977984428405762","",""
"1.7659900477156043","4.974785804748535","",""
"1.7664004117250443","4.986073017120361","",""
"1.7675486160442233","4.977445125579834","",""
"1.7679899465292692","4.9742207527160645","",""
"1.7683999612927437","4.985605716705322","",""
"1.769533148035407","4.9770588874816895","",""
"1.769989961758256","4.973764419555664","",""
"1.7704007914289832","4.985134601593018","",""
"1.771216164343059","4.978621006011963","",""
"1.7719899769872427","4.9732561111450195","",""
"1.7724009230732918","4.984676837921143","",""
"1.7732242122292519","4.9781174659729","",""
"1.773966010659933","4.972682476043701","",""
"1.7744029173627496","4.984213352203369","",""
"1.7752236453816295","4.977677822113037","",""
"1.7759548500180244","4.9722819328308105","",""
"1.7764039803296328","4.983795166015625","",""
"1.7769546248018742","4.9784979820251465","",""
"1.7779609188437462","4.9718475341796875","",""
"1.7784044612199068","4.9834136962890625","",""
"1.778962672688067","4.978097438812256","",""
"1.7799900379031897","4.971430778503418","",""
"1.78040424361825","4.98307466506958","",""
"1.7807964468374848","4.978286266326904","",""
"1.7819978529587388","4.971055507659912","",""
"1.782402629032731","4.982707500457764","",""
"1.7827957635745406","4.977904796600342","",""
"1.7839899519458413","4.970664978027344","",""
"1.784405205398798","4.9823479652404785","",""
"1.784797292202711","4.977563858032227","",""
"1.7859978834167123","4.97028112411499","",""
"1.7864045221358538","4.98203182220459","",""
"1.7865000991150737","4.977909088134766","",""
"1.7879977822303772","4.969937801361084","",""
"1.788403606042266","4.981682300567627","",""
"1.7884240951389074","4.9779839515686035","",""
"1.789997797459364","4.969576835632324","",""
"1.7904043197631836","4.981316566467285","",""
"1.7919978126883507","4.969201564788818","",""
"1.7924048006534576","4.980971336364746","",""
"1.7939978279173374","4.968843936920166","",""
"1.7944041173905134","4.980623722076416","",""
"1.7959978431463242","4.9684834480285645","",""
"1.7964041326195002","4.980253219604492","",""
"1.797997858375311","4.968118190765381","",""
"1.7980022821575403","4.971564292907715","",""
"1.7984071746468544","4.979950428009033","",""
"1.7999905394390225","4.967867851257324","",""
"1.8004061421379447","4.979727268218994","",""
"1.8019905546680093","4.967605113983154","",""
"1.8019977724179626","4.967547416687012","",""
"1.8024054588750005","4.9794697761535645","",""
"1.803770661354065","4.969247341156006","",""
"1.8039977876469493","4.967268466949463","",""
"1.8044067546725273","4.979218006134033","",""
"1.8056888366118073","4.969691753387451","",""
"1.805997802875936","4.96702766418457","",""
"1.8064075848087668","4.979016304016113","",""
"1.8076833803206682","4.96957540512085","",""
"1.8079978181049228","4.966865062713623","",""
"1.8084071343764663","4.978861331939697","",""
"1.8096803687512875","4.969455242156982","",""
"1.8099978333339095","4.966720104217529","",""
"1.8104059854522347","4.978694915771484","",""
"1.81177060585469","4.9685444831848145","",""
"1.8119978485628963","4.9665374755859375","",""
"1.812405651435256","4.978499889373779","",""
"1.8133840057998896","4.971144676208496","",""
"1.813997863791883","4.966307640075684","",""
"1.814405550248921","4.978264808654785","",""
"1.8153850687667727","4.970895767211914","",""
"1.815997762605548","4.966062068939209","",""
"1.8164082430303097","4.978078365325928","",""
"1.8174205906689167","4.970546245574951","",""
"1.8179977778345346","4.965967178344727","",""
"1.8184082582592964","4.978002548217773","",""
"1.8192612333223224","4.971437931060791","",""
"1.8199977930635214","4.965914726257324","",""
"1.8204087391495705","4.9779767990112305","",""
"1.821177895180881","4.971875190734863","",""
"1.8219978082925081","4.965950965881348","",""
"1.8224085215479136","4.978020191192627","",""
"1.8229354172945023","4.972921371459961","",""
"1.8239978235214949","4.9660210609436035","",""
"1.8244064413011074","4.978050231933594","",""
"1.8249392742291093","4.972919464111328","",""
"1.8259978387504816","4.966008186340332","",""
"1.8264050595462322","4.977996826171875","",""
"1.8269320717081428","4.972862720489502","",""
"1.8279978539794683","4.965886116027832","",""
"1.8284061225131154","4.977889537811279","",""
"1.8288553692400455","4.972995281219482","",""
"1.829997869208455","4.965792655944824","",""
"1.8304073018953204","4.977819919586182","",""
"1.8306485144421458","4.973397731781006","",""
"1.8319978844374418","4.965744495391846","",""
"1.8324066186323762","4.977762699127197","",""
"1.832529902458191","4.97357177734375","",""
"1.8339977832511067","4.965684413909912","",""
"1.8344057025387883","4.977682113647461","",""
"1.8344174604862928","4.974072456359863","",""
"1.8359977984800935","4.965574741363525","",""
"1.8364068819209933","4.977591514587402","",""
"1.8379978137090802","4.965501308441162","",""
"1.8384066643193364","4.977517604827881","",""
"1.839997828938067","4.9654316902160645","",""
"1.8404084257781506","4.9774909019470215","",""
"1.8419978441670537","4.965485095977783","",""
"1.8422759603708982","4.974606037139893","",""
"1.8424090230837464","4.977570533752441","",""
"1.8439978593960404","4.965608596801758","",""
"1.8440022831782699","4.969204902648926","",""
"1.8444092711433768","4.977713108062744","",""
"1.8459907732903957","4.965864658355713","",""
"1.8459978746250272","4.965799808502197","",""
"1.8464067252352834","4.9778594970703125","",""
"1.8479907885193825","4.965980052947998","",""
"1.847997773438692","4.965914726257324","",""
"1.848407438956201","4.97797966003418","",""
"1.8497705459594727","4.968020915985107","",""
"1.8499977886676788","4.966028213500977","",""
"1.8504054751247168","4.978050708770752","",""
"1.8517699791118503","4.968052387237549","",""
"1.8519978038966656","4.966047286987305","",""
"1.8524060724303126","4.978071212768555","",""
"1.8537233117967844","4.968420505523682","",""
"1.8539978191256523","4.966034889221191","",""
"1.8544080667197704","4.978104114532471","",""
"1.8555050482973456","4.970121383666992","",""
"1.855997834354639","4.966134548187256","",""
"1.856406219303608","4.978170871734619","",""
"1.8574899295344949","4.970261096954346","",""
"1.8579978495836258","4.96616268157959","",""
"1.8584078643471003","4.978229522705078","",""
"1.8594404682517052","4.970673561096191","",""
"1.8599978648126125","4.966256618499756","",""
"1.860406599007547","4.9783034324646","",""
"1.8614772707223892","4.970492362976074","",""
"1.8619978800415993","4.966315746307373","",""
"1.86240638140589","4.978351593017578","",""
"1.8634514417499304","4.970693111419678","",""
"1.8639977788552642","4.966336250305176","",""
"1.864408841356635","4.978427886962891","",""
"1.8652166472747922","4.972177505493164","",""
"1.865997794084251","4.966483116149902","",""
"1.866407343186438","4.978557109832764","",""
"1.8672288861125708","4.972239971160889","",""
"1.8679978093132377","4.966608047485352","",""
"1.868407940492034","4.978693008422852","",""
"1.8689432181417942","4.973591327667236","",""
"1.8699978245422244","4.9667649269104","",""
"1.8704072572290897","4.97883939743042","",""
"1.8709455616772175","4.97372579574585","",""
"1.8719978397712111","4.966904163360596","",""
"1.8724078545346856","4.9789886474609375","",""
"1.8728207796812057","4.974242687225342","",""
"1.8739978550001979","4.967079162597656","",""
"1.874406123533845","4.9791259765625","",""
"1.8748193979263306","4.974367618560791","",""
"1.8759978702291846","4.967165946960449","",""
"1.8764071865007281","4.97922945022583","",""
"1.8768206937238574","4.9744720458984375","",""
"1.8779977690428495","4.967282295227051","",""
"1.8784082494676113","4.979373931884766","",""
"1.8785085994750261","4.975257396697998","",""
"1.8799977842718363","4.967469692230225","",""
"1.880406984128058","4.979538440704346","",""
"1.8804173450917006","4.975944519042969","",""
"1.881997799500823","4.967611312866211","",""
"1.8824083963409066","4.979710578918457","",""
"1.8839978147298098","4.967825412750244","",""
"1.884407945908606","4.979922294616699","",""
"1.8859978299587965","4.968043804168701","",""
"1.8864067969843745","4.9801154136657715","",""
"1.8879978451877832","4.96820592880249","",""
"1.8884075107052922","4.980289459228516","",""
"1.88999786041677","4.968390941619873","",""
"1.8900022841989994","4.971989631652832","",""
"1.890408108010888","4.980489730834961","",""
"1.8919905414804816","4.968682289123535","",""
"1.8919978756457567","4.96861457824707","",""
"1.8924063770100474","4.980678081512451","",""
"1.8939905567094684","4.9688239097595215","",""
"1.8939977744594216","4.968756198883057","",""
"1.8944063922390342","4.980810165405273","",""
"1.8957708962261677","4.970853805541992","",""
"1.8959977896884084","4.968863487243652","",""
"1.89640698954463","4.980926513671875","",""
"1.8977706786245108","4.97097635269165","",""
"1.8979978049173951","4.9689836502075195","",""
"1.898407470434904","4.981057167053223","",""
"1.8997688312083483","4.971133232116699","",""
"1.8999978201463819","4.969127178192139","",""
"1.900406088680029","4.981170654296875","",""
"1.9017624435946345","4.971259117126465","",""
"1.9019978353753686","4.96919584274292","",""
"1.9024073844775558","4.981263160705566","",""
"1.903770724311471","4.971307754516602","",""
"1.9039977341890335","4.969315052032471","",""
"1.9044069340452552","4.981374740600586","",""
"1.905346754938364","4.974395751953125","",""
"1.9059977494180202","4.969418048858643","",""
"1.9064077641814947","4.981496334075928","",""
"1.9073471194133162","4.974531650543213","",""
"1.9079978810623288","4.969564914703369","",""
"1.9084078958258033","4.981648921966553","",""
"1.9093540031462908","4.974654197692871","",""
"1.9099977798759937","4.96973180770874","",""
"1.910405931994319","4.981772422790527","",""
"1.9113487796857953","4.97476863861084","",""
"1.9119977951049805","4.969797134399414","",""
"1.9124061800539494","4.9818339347839355","",""
"1.9130196887999773","4.976425647735596","",""
"1.9139978103339672","4.969825744628906","",""
"1.9144087564200163","4.981918811798096","",""
"1.9150178413838148","4.9765543937683105","",""
"1.915997825562954","4.969997406005859","",""
"1.9164085388183594","4.98209810256958","",""
"1.9170214654877782","4.976730823516846","",""
"1.9179978407919407","4.970202445983887","",""
"1.9184071570634842","4.982274532318115","",""
"1.9188199657946825","4.97752571105957","",""
"1.9199978560209274","4.970348358154297","",""
"1.9204061245545745","4.982393264770508","",""
"1.92081811837852","4.977634906768799","",""
"1.9219978712499142","4.970422267913818","",""
"1.922406954690814","4.982476234436035","",""
"1.9228183664381504","4.977718830108643","",""
"1.923997770063579","4.970505714416504","",""
"1.9244072027504444","4.98256778717041","",""
"1.9245075527578592","4.978447437286377","",""
"1.9259977852925658","4.97060489654541","",""
"1.9264072179794312","4.982666492462158","",""
"1.9264175789430737","4.979072093963623","",""
"1.9279978005215526","4.970704078674316","",""
"1.9283973379060626","4.982532978057861","",""
"1.9284089794382453","4.982807636260986","",""
"1.9299978157505393","4.970907688140869","",""
"1.9303947919979692","4.982686996459961","",""
"1.931997830979526","4.971005916595459","",""
"1.9324076129123569","4.983077526092529","",""
"1.9339978462085128","4.971136093139648","",""
"1.9344077445566654","4.98321533203125","",""
"1.9359978614374995","4.971285343170166","",""
"1.936002285219729","4.974884510040283","",""
"1.9364083418622613","4.983381271362305","",""
"1.9379905425012112","4.971548557281494","",""
"1.9379978766664863","4.971480846405029","",""
"1.9384071929380298","4.983553409576416","",""
"1.939990557730198","4.971693992614746","",""
"1.9399977754801512","4.971626281738281","",""
"1.940406276844442","4.983673095703125","",""
"1.9417698495090008","4.973705768585205","",""
"1.941997790709138","4.97170352935791","",""
"1.9424081547185779","4.983789920806885","",""
"1.9437707960605621","4.97385311126709","",""
"1.9439978059381247","4.971862316131592","",""
"1.9444082863628864","4.983956813812256","",""
"1.9457709277048707","4.97404146194458","",""
"1.9459978211671114","4.9720540046691895","",""
"1.946407021023333","4.984122276306152","",""
"1.9477682653814554","4.974198818206787","",""
"1.9479978363960981","4.97218656539917","",""
"1.9484087824821472","4.9842915534973145","",""
"1.9497686298564076","4.97440767288208","",""
"1.9499978516250849","4.9724040031433105","",""
"1.9504078663885593","4.984496593475342","",""
"1.951378071680665","4.977375507354736","",""
"1.9519978668540716","4.972602844238281","",""
"1.9524082308635116","4.98470401763916","",""
"1.9533869344741106","4.977538108825684","",""
"1.9539978820830584","4.972824573516846","",""
"1.9544062670320272","4.984883785247803","",""
"1.9553839229047298","4.977697372436523","",""
"1.955997897312045","4.972945690155029","",""
"1.9564065150916576","4.9849982261657715","",""
"1.9573667086660862","4.977897644042969","",""
"1.9579976797103882","4.973033905029297","",""
"1.9584055989980698","4.985057353973389","",""
"1.9590158481150866","4.979657173156738","",""
"1.9599979277700186","4.9730329513549805","",""
"1.9604081753641367","4.985109329223633","",""
"1.9610177259892225","4.979730606079102","",""
"1.9619977101683617","4.973148345947266","",""
"1.9624070264399052","4.985208034515381","",""
"1.9630168098956347","4.979825019836426","",""
"1.9639977253973484","4.973232269287109","",""
"1.9644089043140411","4.9853339195251465","",""
"1.9648212473839521","4.980588436126709","",""
"1.9659977406263351","4.973421096801758","",""
"1.9664084538817406","4.985520362854004","",""
"1.9668224267661572","4.980775833129883","",""
"1.9679977558553219","4.9736199378967285","",""
"1.9684070721268654","4.985692024230957","",""
"1.9688212778419256","4.98093843460083","",""
"1.9699977710843086","4.973757743835449","",""
"1.9704059232026339","4.985795021057129","",""
"1.9705065060406923","4.981672763824463","",""
"1.9719977863132954","4.9738006591796875","",""
"1.9724061712622643","4.985835075378418","",""
"1.9724236335605383","4.982168197631836","",""
"1.973997801542282","4.973814964294434","",""
"1.9744080491364002","4.985886573791504","",""
"1.9759978167712688","4.973912715911865","",""
"1.9764085300266743","4.986003875732422","",""
"1.9779978320002556","4.974071979522705","",""
"1.9784073811024427","4.986141204833984","",""
"1.9799978472292423","4.974186897277832","",""
"1.980397617444396","4.986020088195801","",""
"1.9804073963314295","4.986250400543213","",""
"1.981997862458229","4.9742865562438965","",""
"1.9820022862404585","4.977885723114014","",""
"1.9824088085442781","4.986386299133301","",""
"1.9839904271066189","4.974539756774902","",""
"1.9839978776872158","4.9744720458984375","",""
"1.9844088237732649","4.986582279205322","",""
"1.9859906751662493","4.974761486053467","",""
"1.9859978929162025","4.974696636199951","",""
"1.9864081405103207","4.986796855926514","",""
"1.9877701997756958","4.97689962387085","",""
"1.9879979081451893","4.974907875061035","",""
"1.9884058274328709","4.9869513511657715","",""
"1.9897655583918095","4.977017879486084","",""
"1.9899976905435324","4.974979877471924","",""
"1.990405609831214","4.987004280090332","",""
"1.9917332101613283","4.977286338806152","",""
"1.9919977057725191","4.974977970123291","",""
"1.9924084190279245","4.987059593200684","",""
"1.9937530159950256","4.977242469787598","",""
"1.9939977210015059","4.975102424621582","",""
"1.994407270103693","4.987166404724121","",""
"1.9957572221755981","4.977301597595215","",""
"1.9959977362304926","4.975194454193115","",""
"1.9964075181633234","4.9872589111328125","",""
"1.9973497837781906","4.980255603790283","",""
"1.9979977514594793","4.975285053253174","",""
"1.9984070677310228","4.987341403961182","",""
"1.9993623718619347","4.980254173278809","",""
"1.999997766688466","4.975347995758057","",""
"2.000408247113228","4.987429618835449","",""
"2.0013470202684402","4.980456829071045","",""
"2.001997781917453","4.975477695465088","",""
"2.0024070981889963","4.987534046173096","",""
"2.0033486653119326","4.980530261993408","",""
"2.0039977971464396","4.975550174713135","",""
"2.0044073462486267","4.987608432769775","",""
"2.0050164312124252","4.982222557067871","",""
"2.0059978123754263","4.975619316101074","",""
"2.0064085256308317","4.987705707550049","",""
"2.0069775637239218","4.982477188110352","",""
"2.007997827604413","4.975761890411377","",""
"2.0084064453840256","4.987804412841797","",""
"2.008958486840129","4.982615947723389","",""
"2.0099978428333998","4.97580099105835","",""
"2.0104078575968742","4.9878692626953125","",""
"2.0108199678361416","4.983105182647705","",""
"2.0119978580623865","4.9758830070495605","",""
"2.0124076399952173","4.987954616546631","",""
"2.012822078540921","4.983185291290283","",""
"2.0139978732913733","4.975969314575195","",""
"2.0144088193774223","4.988063812255859","",""
"2.0148209296166897","4.983314037322998","",""
"2.01599788852036","4.976132392883301","",""
"2.016406739130616","4.988184452056885","",""
"2.0165005698800087","4.984082221984863","",""
"2.0179979037493467","4.976204872131348","",""
"2.018407452851534","4.988261699676514","",""
"2.0184176973998547","4.98466682434082","",""
"2.0199979189783335","4.9762678146362305","",""
"2.0204083994030952","4.988349437713623","",""
"2.0219977013766766","4.976388454437256","",""
"2.022406319156289","4.988426685333252","",""
"2.0239977166056633","4.976403713226318","",""
"2.024229848757386","4.984584331512451","",""
"2.02599773183465","4.976433277130127","",""
"2.026407280936837","4.988483905792236","",""
"2.027997747063637","4.976461410522461","",""
"2.028002170845866","4.9800591468811035","",""
"2.028407296165824","4.98851203918457","",""
"2.0299905445426702","4.97655725479126","",""
"2.0299977622926235","4.976489067077637","",""
"2.0304082427173853","4.988562107086182","",""
"2.0319907926023006","4.9766364097595215","",""
"2.0319977775216103","4.976571083068848","",""
"2.032408956438303","4.988663196563721","",""
"2.033763797953725","4.9787678718566895","",""
"2.033997792750597","4.976716041564941","",""
"2.0344092044979334","4.988820552825928","",""
"2.035768935456872","4.97891092300415","",""
"2.0359978079795837","4.97690486907959","",""
"2.036408754065633","4.989009857177734","",""
"2.037769416347146","4.979108810424805","",""
"2.0379978232085705","4.977108478546143","",""
"2.0384073723107576","4.989181995391846","",""
"2.039768034592271","4.979257583618164","",""
"2.039997838437557","4.977241039276123","",""
"2.040405757725239","4.9892706871032715","",""
"2.041753614321351","4.979394912719727","",""
"2.041997853666544","4.9772539138793945","",""
"2.0424067042768","4.989294052124023","",""
"2.0433529280126095","4.982241630554199","",""
"2.0439978688955307","4.977266311645508","",""
"2.044407883659005","4.989330768585205","",""
"2.0453520119190216","4.982303619384766","",""
"2.0459978841245174","4.977331161499023","",""
"2.0464081317186356","4.989404678344727","",""
"2.04734830185771","4.982409954071045","",""
"2.047997899353504","4.9774250984191895","",""
"2.048407681286335","4.98948860168457","",""
"2.049348782747984","4.98248291015625","",""
"2.049997914582491","4.9774980545043945","",""
"2.050406066700816","4.9895243644714355","",""
"2.051017014309764","4.984111785888672","",""
"2.0519979298114777","4.977471828460693","",""
"2.052407944574952","4.989530086517334","",""
"2.0530191250145435","4.984124660491943","",""
"2.0539977122098207","4.977511882781982","",""
"2.0544067956507206","4.989548206329346","",""
"2.0550196059048176","4.984127998352051","",""
"2.0559977274388075","4.977506637573242","",""
"2.0564089063555","4.989585876464844","",""
"2.0568212494254112","4.98482084274292","",""
"2.0579977426677942","4.9775919914245605","",""
"2.058408223092556","4.9896674156188965","",""
"2.058819867670536","4.984908103942871","",""
"2.059997757896781","4.977686405181885","",""
"2.060406841337681","4.989729881286621","",""
"2.060819184407592","4.984958648681641","",""
"2.0619977731257677","4.977701187133789","",""
"2.062407787889242","4.989762783050537","",""
"2.062508137896657","4.985640048980713","",""
"2.0639977883547544","4.977751731872559","",""
"2.064409200102091","4.989847183227539","",""
"2.0644194446504116","4.986253261566162","",""
"2.065997803583741","4.977895736694336","",""
"2.066396176815033","4.989691734313965","",""
"2.067997818812728","4.977996349334717","",""
"2.068405970931053","4.990024089813232","",""
"2.0699978340417147","4.977976322174072","",""
"2.0702332258224487","4.9862213134765625","",""
"2.0719978492707014","4.978103160858154","",""
"2.0724062342196703","4.990137577056885","",""
"2.073997864499688","4.978098392486572","",""
"2.0740022882819176","4.981696128845215","",""
"2.0744081120938063","4.990163803100586","",""
"2.075990429148078","4.978222846984863","",""
"2.075997879728675","4.978155136108398","",""
"2.0764092914760113","4.99025297164917","",""
"2.0779904443770647","4.9783711433410645","",""
"2.0779978949576616","4.9783034324646","",""
"2.0784069783985615","4.9903564453125","",""
"2.079769503325224","4.980363368988037","",""
"2.0799979101866484","4.978353500366211","",""
"2.080408623442054","4.990438938140869","",""
"2.0817595068365335","4.980566501617432","",""
"2.0819976925849915","4.978477478027344","",""
"2.082408405840397","4.99056339263916","",""
"2.083768602460623","4.980626583099365","",""
"2.083997707813978","4.978613376617432","",""
"2.0844084210693836","4.990700721740723","",""
"2.085768152028322","4.980774879455566","",""
"2.085997723042965","4.978758335113525","",""
"2.0864082034677267","4.990843772888184","",""
"2.0877690985798836","4.980911731719971","",""
"2.0879977382719517","4.978903293609619","",""
"2.0884049590677023","4.9909138679504395","",""
"2.0893544424325228","4.983830451965332","",""
"2.0899977535009384","4.978854656219482","",""
"2.0904059056192636","4.990864276885986","",""
"2.091379836201668","4.983609199523926","",""
"2.091997768729925","4.978780746459961","",""
"2.092406153678894","4.990789413452148","",""
"2.0933884661644697","4.9834675788879395","",""
"2.093997783958912","4.978683948516846","",""
"2.0944089628756046","4.990753173828125","",""
"2.0953791681677103","4.98354434967041","",""
"2.0959977991878986","4.978728771209717","",""
"2.096406416967511","4.99075174331665","",""
"2.09703017026186","4.985276222229004","",""
"2.0979978144168854","4.978674411773682","",""
"2.098407130688429","4.990704536437988","",""
"2.099038101732731","4.985196590423584","",""
"2.099997829645872","4.978618144989014","",""
"2.1004073787480593","4.990652084350586","",""
"2.1008336916565895","4.985828399658203","",""
"2.101997844874859","4.978569984436035","",""
"2.102408790960908","4.990638732910156","",""
"2.102827187627554","4.9858479499816895","",""
"2.1039978601038456","4.9786152839660645","",""
"2.104409271851182","4.99070405960083","",""
"2.104823011904955","4.985937118530273","",""
"2.1059978753328323","4.9787139892578125","",""
"2.1064099855720997","4.990830421447754","",""
"2.1068216301500797","4.986083984375","",""
"2.107997890561819","4.978909015655518","",""
"2.1084067411720753","4.990959644317627","",""
"2.10850709117949","4.986837863922119","",""
"2.109997905790806","4.978958606719971","",""
"2.1104083862155676","4.9910383224487305","",""
"2.110418863594532","4.9874444007873535","",""
"2.1119979210197926","4.979067325592041","",""
"2.1124084014445543","4.991151332855225","",""
"2.1139977034181356","4.979194164276123","",""
"2.1144086495041847","4.991287708282471","",""
"2.1159977186471224","4.979349613189697","",""
"2.1162335760891438","4.987611770629883","",""
"2.117997733876109","4.979392051696777","",""
"2.118406817317009","4.991431713104248","",""
"2.119997749105096","4.979395389556885","",""
"2.1200021728873253","4.982993125915527","",""
"2.120405435562134","4.991398334503174","",""
"2.121990779414773","4.9793701171875","",""
"2.1219977643340826","4.979304790496826","",""
"2.1224075462669134","4.991344451904297","",""
"2.1239907946437597","4.979348182678223","",""
"2.1239977795630693","4.979282855987549","",""
"2.1244066301733255","4.991302490234375","",""
"2.125767059624195","4.981243133544922","",""
"2.125997794792056","4.979203701019287","",""
"2.126408275216818","4.991258144378662","",""
"2.127702347934246","4.9817633628845215","",""
"2.127997810021043","4.979201793670654","",""
"2.1284089889377356","4.991281986236572","",""
"2.129762666299939","4.981348991394043","",""
"2.1299978252500296","4.979280948638916","",""
"2.1304080728441477","4.991344928741455","",""
"2.1317412611097097","4.981574535369873","",""
"2.1319978404790163","4.979330062866211","",""
"2.1324087865650654","4.991413593292236","",""
"2.1337312646210194","4.981750011444092","",""
"2.133997855708003","4.979430675506592","",""
"2.134407637640834","4.991494655609131","",""
"2.135354792699218","4.984447002410889","",""
"2.13599787093699","4.979491233825684","",""
"2.1364076528698206","4.991551876068115","",""
"2.1373583003878593","4.98447847366333","",""
"2.1379978861659765","4.979538917541504","",""
"2.13840720243752","4.991584777832031","",""
"2.1393662318587303","4.984448432922363","",""
"2.1399979013949633","4.979550361633301","",""
"2.1404079161584377","4.991611957550049","",""
"2.1413653157651424","4.984493255615234","",""
"2.14199791662395","4.979593276977539","",""
"2.1424083970487118","4.991664409637451","",""
"2.1430186461657286","4.986268997192383","",""
"2.1439979318529367","4.979660511016846","",""
"2.144407480955124","4.991715431213379","",""
"2.145020989701152","4.986302852630615","",""
"2.14599771425128","4.979698181152344","",""
"2.146406564861536","4.991726398468018","",""
"2.147017978131771","4.986303329467773","",""
"2.1479977294802666","4.979664325714111","",""
"2.1484072785824537","4.991700172424316","",""
"2.1488252095878124","4.986901760101318","",""
"2.1499977447092533","4.979637145996094","",""
"2.1504091564565897","4.991718769073486","",""
"2.150826156139374","4.986939430236816","",""
"2.15199775993824","4.97972297668457","",""
"2.152407309040427","4.991769790649414","",""
"2.1528219804167747","4.986988544464111","",""
"2.153997775167227","4.979737281799316","",""
"2.1544089540839195","4.991819381713867","",""
"2.154509536921978","4.987697124481201","",""
"2.1559977903962135","4.979824542999268","",""
"2.1564082708209753","4.991902828216553","",""
"2.156418515369296","4.988309383392334","",""
"2.1579978056252003","4.979920387268066","",""
"2.1584085188806057","4.992002010345459","",""
"2.159997820854187","4.980030536651611","",""
"2.160408301278949","4.992112159729004","",""
"2.1619978360831738","4.980147838592529","",""
"2.1624057553708553","4.9921674728393555","",""
"2.1639978513121605","4.980103015899658","",""
"2.1644083317369223","4.99216890335083","",""
"2.1659978665411472","4.980154991149902","",""
"2.1660022903233767","4.983753204345703","",""
"2.166405785828829","4.992166519165039","",""
"2.167990431189537","4.980149269104004","",""
"2.167997881770134","4.980081081390381","",""
"2.168407430872321","4.992115020751953","",""
"2.169990446418524","4.980102062225342","",""
"2.1699978969991207","4.980033874511719","",""
"2.1704083774238825","4.992095947265625","",""
"2.171769505366683","4.982069492340088","",""
"2.1719979122281075","4.980055332183838","",""
"2.1724074613302946","4.992100715637207","",""
"2.173707587644458","4.982563495635986","",""
"2.173997927457094","4.980043411254883","",""
"2.1744079422205687","4.992096900939941","",""
"2.1757101640105247","4.982548713684082","",""
"2.1759977098554373","4.980050563812256","",""
"2.1764065604656935","4.992076873779297","",""
"2.177770948037505","4.982006072998047","",""
"2.177997725084424","4.979998588562012","",""
"2.1784091368317604","4.992074966430664","",""
"2.179441275075078","4.984488487243652","",""
"2.1799977403134108","4.980055332183838","",""
"2.180407987907529","4.992115020751953","",""
"2.181424293667078","4.984628677368164","",""
"2.1819977555423975","4.980085372924805","",""
"2.182407770305872","4.992140769958496","",""
"2.183424076065421","4.984652996063232","",""
"2.1839977707713842","4.980105876922607","",""
"2.184407552704215","4.9921555519104","",""
"2.1854278165847063","4.984635829925537","",""
"2.185997786000371","4.9801106452941895","",""
"2.186406636610627","4.992136001586914","",""
"2.187456004321575","4.984405994415283","",""
"2.1879978012293577","4.980058193206787","",""
"2.188407815992832","4.992103576660156","",""
"2.189056482166052","4.986531734466553","",""
"2.1899978164583445","4.980044364929199","",""
"2.1904080640524626","4.992098808288574","",""
"2.1910439245402813","4.9865851402282715","",""
"2.191997831687331","4.980048656463623","",""
"2.1924071479588747","4.9920830726623535","",""
"2.1928437054157257","4.987235069274902","",""
"2.193997846916318","4.980015277862549","",""
"2.1944090258330107","4.992092132568359","",""
"2.194836502894759","4.987282752990723","",""
"2.1959978621453047","4.980075359344482","",""
"2.1964088082313538","4.99215841293335","",""
"2.1968267392367125","4.987381458282471","",""
"2.1979978773742914","4.980173587799072","",""
"2.1984081249684095","4.992241382598877","",""
"2.198827685788274","4.987457275390625","",""
"2.199997892603278","4.980244159698486","",""
"2.2004067432135344","4.99228048324585","",""
"2.2005089558660984","4.988150119781494","",""
"2.201997907832265","4.980236053466797","",""
"2.2024083882570267","4.992301940917969","",""
"2.202418399974704","4.988710403442383","",""
"2.2039979230612516","4.980290412902832","",""
"2.2043969947844744","4.992091178894043","",""
"2.204406773671508","4.992321014404297","",""
"2.2059979382902384","4.98025369644165","",""
"2.206407953053713","4.992306709289551","",""
"2.2079977206885815","4.980262279510498","",""
"2.2084072697907686","4.992303371429443","",""
"2.209997735917568","4.980241775512695","",""
"2.2104065865278244","4.992265701293945","",""
"2.211997751146555","4.980180740356445","",""
"2.2120021749287844","4.9837775230407715","",""
"2.2124091628938913","4.992258071899414","",""
"2.213990781456232","4.980301380157471","",""
"2.2139977663755417","4.980236053466797","",""
"2.214407315477729","4.992280006408691","",""
"2.215990563854575","4.980292797088623","",""
"2.2159977816045284","4.980225086212158","",""
"2.21640826202929","4.992288112640381","",""
"2.217769855633378","4.9822678565979","",""
"2.217997796833515","4.980257987976074","",""
"2.218408277258277","4.992326259613037","",""
"2.219769172370434","4.982330799102783","",""
"2.219997812062502","4.980316162109375","",""
"2.2204078268259764","4.992374420166016","",""
"2.221769420430064","4.982367515563965","",""
"2.2219978272914886","4.980354309082031","",""
"2.2224087733775377","4.992434978485107","",""
"2.2237433586269617","4.982669353485107","",""
"2.2239978425204754","4.980444431304932","",""
"2.224409021437168","4.992536544799805","",""
"2.2257291711866856","4.982907772064209","",""
"2.225997857749462","4.980572700500488","",""
"2.2264060098677874","4.9926018714904785","",""
"2.2273773793131113","4.985389232635498","",""
"2.227997872978449","4.980558395385742","",""
"2.228408120572567","4.99261999130249","",""
"2.229405101388693","4.985256671905518","",""
"2.2299978882074356","4.980604648590088","",""
"2.230407204478979","4.992648601531982","",""
"2.2314004600048065","4.985297203063965","",""
"2.2319979034364223","4.98060941696167","",""
"2.232407918199897","4.992667198181152","",""
"2.2334177047014236","4.985220909118652","",""
"2.233997918665409","4.980643272399902","",""
"2.2344079334288836","4.992700576782227","",""
"2.2350263316184282","4.9872636795043945","",""
"2.235997933894396","4.980677604675293","",""
"2.2364086471498013","4.9927544593811035","",""
"2.237026346847415","4.987331390380859","",""
"2.237997716292739","4.980762004852295","",""
"2.238408662378788","4.992842674255371","",""
"2.239021472632885","4.98744535446167","",""
"2.2399977315217257","4.980857849121094","",""
"2.2404061164706945","4.992886543273926","",""
"2.2408217191696167","4.988100051879883","",""
"2.2419977467507124","4.980836868286133","",""
"2.2424061316996813","4.992847442626953","",""
"2.2428338415920734","4.988015651702881","",""
"2.243997761979699","4.980742454528809","",""
"2.244406845420599","4.992764949798584","",""
"2.2448422387242317","4.987912178039551","",""
"2.245997777208686","4.980668544769287","",""
"2.2464070934802294","4.9926934242248535","",""
"2.2465107031166553","4.988554954528809","",""
"2.2479977924376726","4.980587482452393","",""
"2.2484075743705034","4.992622375488281","",""
"2.2484175860881805","4.989031791687012","",""
"2.2499978076666594","4.980535984039307","",""
"2.250408986583352","4.992603302001953","",""
"2.251997822895646","4.980566024780273","",""
"2.2523975931108","4.992373466491699","",""
"2.253997838124633","4.9805378913879395","",""
"2.2544099483639","4.992631435394287","",""
"2.2559978533536196","4.980637550354004","",""
"2.256408566609025","4.992719650268555","",""
"2.2579978685826063","4.980738639831543","",""
"2.2580022923648357","4.984335899353027","",""
"2.2584067191928625","4.992772102355957","",""
"2.259990433230996","4.980782985687256","",""
"2.259997883811593","4.980714797973633","",""
"2.260407665744424","4.992766857147217","",""
"2.261990448459983","4.980791091918945","",""
"2.26199789904058","4.980722904205322","",""
"2.2624072153121233","4.992764472961426","",""
"2.2637678775936365","4.982734680175781","",""
"2.2639979142695665","4.9807047843933105","",""
"2.2644067648798227","4.992732524871826","",""
"2.2657697554677725","4.982670307159424","",""
"2.2659979294985533","4.980652809143066","",""
"2.266407245770097","4.992680549621582","",""
"2.267770003527403","4.982609272003174","",""
"2.2679977118968964","4.980592250823975","",""
"2.2684154100716114","4.992811679840088","",""
"2.2697304375469685","4.983311176300049","",""
"2.269997727125883","4.981003761291504","",""
"2.270406112074852","4.993058681488037","",""
"2.2717707324773073","4.9830827713012695","",""
"2.27199774235487","4.981084823608398","",""
"2.272407291457057","4.993139743804932","",""
"2.2733560763299465","4.986083984375","",""
"2.2739977575838566","4.981139659881592","",""
"2.274406375363469","4.993169784545898","",""
"2.2753733210265636","4.985978126525879","",""
"2.2759977728128433","4.9811224937438965","",""
"2.276408253237605","4.9931864738464355","",""
"2.2773861419409513","4.985942363739014","",""
"2.27799778804183","4.981174945831299","",""
"2.27840687148273","4.993213176727295","",""
"2.27939710021019","4.985877513885498","",""
"2.279997803270817","4.981165885925293","",""
"2.2804075852036476","4.99321174621582","",""
"2.2810320369899273","4.987742900848389","",""
"2.2819978184998035","4.981166362762451","",""
"2.2824080660939217","4.993221759796143","",""
"2.28302925825119","4.987770080566406","",""
"2.2839978337287903","4.981189250946045","",""
"2.2844059858471155","4.993196487426758","",""
"2.284843008965254","4.988337993621826","",""
"2.285997848957777","4.981091022491455","",""
"2.2864090278744698","4.993156909942627","",""
"2.2868362721055746","4.988339900970459","",""
"2.2879978641867638","4.981115341186523","",""
"2.2884078789502382","4.993167400360107","",""
"2.2888430394232273","4.988329887390137","",""
"2.2899978794157505","4.9811248779296875","",""
"2.290407195687294","4.993159770965576","",""
"2.2908460814505816","4.98830509185791","",""
"2.2919978946447372","4.981090068817139","",""
"2.292407676577568","4.993131637573242","",""
"2.2925122175365686","4.988992214202881","",""
"2.293997909873724","4.9810662269592285","",""
"2.2944065276533365","4.993082046508789","",""
"2.294423058629036","4.9894232749938965","",""
"2.2959979251027107","4.980978012084961","",""
"2.29640887118876","4.993041515350342","",""
"2.297997707501054","4.980997085571289","",""
"2.2984095849096775","4.9930877685546875","",""
"2.2999977227300406","4.981090068817139","",""
"2.300395630300045","4.992862701416016","",""
"2.3019977379590273","4.981091022491455","",""
"2.3024084512144327","4.993162631988525","",""
"2.303997753188014","4.981146812438965","",""
"2.3040021769702435","4.984744071960449","",""
"2.3044070694595575","4.99318790435791","",""
"2.305990783497691","4.981198787689209","",""
"2.3059977684170008","4.981133460998535","",""
"2.3064070846885443","4.993167400360107","",""
"2.3079905658960342","4.981166839599609","",""
"2.3079977836459875","4.9810991287231445","",""
"2.3084061685949564","4.993106365203857","",""
"2.3097710218280554","4.982992172241211","",""
"2.3099977988749743","4.980983257293701","",""
"2.3104073479771614","4.993011474609375","",""
"2.311769872903824","4.98292875289917","",""
"2.311997814103961","4.980910778045654","",""
"2.3124082945287228","4.9929633140563965","",""
"2.313740085810423","4.983158111572266","",""
"2.3139978293329477","4.980896472930908","",""
"2.3144071456044912","4.992922306060791","",""
"2.3157328832894564","4.983151912689209","",""
"2.3159978445619345","4.9808268547058105","",""
"2.3164094891399145","4.992903232574463","",""
"2.3174528032541275","4.985231876373291","",""
"2.317997859790921","4.9808759689331055","",""
"2.318408340215683","4.992941856384277","",""
"2.3195226676762104","4.984803199768066","",""
"2.319997875019908","4.980914115905762","",""
"2.320409519597888","4.993007183074951","",""
"2.321420470252633","4.9855780601501465","",""
"2.3219978902488947","4.98103141784668","",""
"2.3224069736897945","4.993072986602783","",""
"2.3234058171510696","4.985691070556641","",""
"2.3239979054778814","4.981036186218262","",""
"2.3244069889187813","4.993072986602783","",""
"2.3253755643963814","4.985860824584961","",""
"2.325997920706868","4.981014728546143","",""
"2.32640840113163","4.993075370788574","",""
"2.3271425161510706","4.9871392250061035","",""
"2.327997935935855","4.9810404777526855","",""
"2.3284079506993294","4.993098258972168","",""
"2.3290200624614954","4.987682342529297","",""
"2.329997718334198","4.981066703796387","",""
"2.3304088972508907","4.993143081665039","",""
"2.3310333490371704","4.987692356109619","",""
"2.3319977335631847","4.981145858764648","",""
"2.3324061185121536","4.9931640625","",""
"2.3328429087996483","4.988313674926758","",""
"2.3339977487921715","4.981077671051025","",""
"2.334407763555646","4.993123531341553","",""
"2.3348331451416016","4.988306522369385","",""
"2.335997764021158","4.98106050491333","",""
"2.33640824444592","4.993122100830078","",""
"2.336822682991624","4.988339424133301","",""
"2.337997779250145","4.981090068817139","",""
"2.338406862691045","4.99312162399292","",""
"2.338511636480689","4.9889817237854","",""
"2.3399977944791317","4.981049060821533","",""
"2.34040804207325","4.993098258972168","",""
"2.3404196836054325","4.989488124847412","",""
"2.3419978097081184","4.9810333251953125","",""
"2.3424075916409492","4.993079662322998","",""
"2.343997824937105","4.981014728546143","",""
"2.344409469515085","4.99310302734375","",""
"2.345997840166092","4.981102466583252","",""
"2.3462395183742046","4.989480018615723","",""
"2.3464090190827847","4.993193626403809","",""
"2.3479978553950787","4.981215953826904","",""
"2.34823115170002","4.98942232131958","",""
"2.3484081029891968","4.993290424346924","",""
"2.3499978706240654","4.98129940032959","",""
"2.350002294406295","4.984896659851074","",""
"2.350408583879471","4.993381977081299","",""
"2.351990668103099","4.981470584869385","",""
"2.351997885853052","4.981405735015869","",""
"2.3524058051407337","4.99342679977417","",""
"2.353990450501442","4.9814348220825195","",""
"2.353997901082039","4.9813666343688965","",""
"2.3544069845229387","4.993394374847412","",""
"2.3557671811431646","4.983349323272705","",""
"2.3559979163110256","4.981312274932861","",""
"2.356407232582569","4.993346691131592","",""
"2.357716439291835","4.983719348907471","",""
"2.3579976987093687","4.981266021728516","",""
"2.358406549319625","4.993283748626709","",""
"2.3597681429237127","4.983212947845459","",""
"2.3599977139383554","4.981179714202881","",""
"2.360409125685692","4.99324893951416","",""
"2.3615662939846516","4.984785556793213","",""
"2.361997729167342","4.981199264526367","",""
"2.3624070454388857","4.993234157562256","",""
"2.363466890528798","4.985426902770996","",""
"2.363997744396329","4.981147289276123","",""
"2.3644089233130217","4.993220806121826","",""
"2.3656245321035385","4.984348773956299","",""
"2.3659977596253157","4.981191158294678","",""
"2.3664089385420084","4.993270397186279","",""
"2.367418957874179","4.985835075378418","",""
"2.3679977748543024","4.981263160705566","",""
"2.368408488109708","4.993340015411377","",""
"2.3693854454904795","4.986114978790283","",""
"2.369997790083289","4.981348514556885","",""
"2.3704064078629017","4.993372440338135","",""
"2.371441572904587","4.985742568969727","",""
"2.371997805312276","4.981296539306641","",""
"2.3724082857370377","4.993358135223389","",""
"2.3730206303298473","4.987940311431885","",""
"2.3739978205412626","4.981328964233398","",""
"2.3744062054902315","4.993344783782959","",""
"2.3750532418489456","4.98776912689209","",""
"2.3759978357702494","4.981249809265137","",""
"2.376408316195011","4.993305206298828","",""
"2.3769380059093237","4.988176345825195","",""
"2.377997850999236","4.98124361038208","",""
"2.3784085642546415","4.9933085441589355","",""
"2.3788304533809423","4.988509654998779","",""
"2.379997866228223","4.981273651123047","",""
"2.3804078809916973","4.993332862854004","",""
"2.3807703983038664","4.988677024841309","",""
"2.3819978814572096","4.981292247772217","",""
"2.3824076633900404","4.993340969085693","",""
"2.3828218691051006","4.988556385040283","",""
"2.3839978966861963","4.981295585632324","",""
"2.384408377110958","4.993357181549072","",""
"2.3845110554248095","4.989225387573242","",""
"2.385997911915183","4.981320858001709","",""
"2.3864132817834616","4.993506908416748","",""
"2.38641700707376","4.9900665283203125","",""
"2.387997694313526","4.981668949127197","",""
"2.3883965332061052","4.993488311767578","",""
"2.3884063120931387","4.993719100952148","",""
"2.389997709542513","4.981733798980713","",""
"2.3903953842818737","4.993505477905273","",""
"2.390405163168907","4.993736267089844","",""
"2.3919977247714996","4.981652736663818","",""
"2.392406342551112","4.993667125701904","",""
"2.3939977400004864","4.981568336486816","",""
"2.394405659288168","4.993557453155518","",""
"2.395997755229473","4.9814019203186035","",""
"2.3960021790117025","4.984997272491455","",""
"2.3964063730090857","4.993398189544678","",""
"2.3979907855391502","4.981306552886963","",""
"2.398407319560647","4.993253707885742","",""
"2.3999905679374933","4.98117208480835","",""
"2.3999977856874466","4.981103897094727","",""
"2.4004082661122084","4.993142127990723","",""
"2.401770558208227","4.983050346374512","",""
"2.4019978009164333","4.98103666305542","",""
"2.402408979833126","4.993099212646484","",""
"2.4037680123001337","4.983072757720947","",""
"2.40399781614542","4.98104190826416","",""
"2.404408296570182","4.993099212646484","",""
"2.405768958851695","4.983069896697998","",""
"2.405997831374407","4.981048107147217","",""
"2.4064090102910995","4.993124485015869","",""
"2.4077710695564747","4.983108997344971","",""
"2.4079978466033936","4.981108665466309","",""
"2.4084076285362244","4.993158340454102","",""
"2.4094744585454464","4.985330581665039","",""
"2.4099978618323803","4.981112480163574","",""
"2.410407178103924","4.99314546585083","",""
"2.411447698250413","4.985472679138184","",""
"2.411997877061367","4.9810662269592285","",""
"2.4124078918248415","4.993115425109863","",""
"2.4134530685842037","4.985422611236572","",""
"2.4139978922903538","4.98106050491333","",""
"2.4144083727151155","4.9931206703186035","",""
"2.41547217592597","4.985314846038818","",""
"2.4159979075193405","4.981082916259766","",""
"2.4164074566215277","4.993124961853027","",""
"2.4174568243324757","4.985403060913086","",""
"2.4179979227483273","4.9810662269592285","",""
"2.4184074718505144","4.993104457855225","",""
"2.4190517142415047","4.987547874450684","",""
"2.419997937977314","4.981036186218262","",""
"2.42040678858757","4.993058681488037","",""
"2.420971868559718","4.987794399261475","",""
"2.421997720375657","4.980966091156006","",""
"2.4224077351391315","4.993005752563477","",""
"2.422973047941923","4.987745761871338","",""
"2.423997735604644","4.980930805206299","",""
"2.4244084488600492","4.992989540100098","",""
"2.4248501285910606","4.988129615783691","",""
"2.4259977508336306","4.980940341949463","",""
"2.4264082312583923","4.9929986000061035","",""
"2.426832914352417","4.988187789916992","",""
"2.4279977660626173","4.980952739715576","",""
"2.4284094106405973","4.993045330047607","",""
"2.428916282951832","4.988012313842773","",""
"2.429997781291604","4.981049060821533","",""
"2.4304070975631475","4.993093490600586","",""
"2.4305095430463552","4.988962650299072","",""
"2.431997796520591","4.981048107147217","",""
"2.432407345622778","4.9930925369262695","",""
"2.432417357340455","4.989501476287842","",""
"2.4339978117495775","4.981037139892578","",""
"2.4344087578356266","4.993113994598389","",""
"2.4359978269785643","4.981099605560303","",""
"2.436400158330798","4.992979049682617","",""
"2.437997842207551","4.981540203094482","",""
"2.438407391309738","4.993627548217773","",""
"2.4399978574365377","4.981700420379639","",""
"2.4404055438935757","4.993730545043945","",""
"2.4419978726655245","4.98171854019165","",""
"2.442002296447754","4.985317230224609","",""
"2.4424067232757807","4.993753433227539","",""
"2.443990670144558","4.981775760650635","",""
"2.4444046430289745","4.9936933517456055","",""
"2.4459906853735447","4.981618881225586","",""
"2.445997903123498","4.981553554534912","",""
"2.4464065209031105","4.993560314178467","",""
"2.4477695114910603","4.983456134796143","",""
"2.4479979183524847","4.98143196105957","",""
"2.4484083987772465","4.993481159210205","",""
"2.449769526720047","4.983428001403809","",""
"2.4499979335814714","4.98140811920166","",""
"2.4504070170223713","4.993433952331543","",""
"2.4517676793038845","4.983371257781982","",""
"2.4519977159798145","4.981335163116455","",""
"2.4524093605577946","4.993408679962158","",""
"2.4535853881388903","4.9848151206970215","",""
"2.4539977312088013","4.9813666343688965","",""
"2.4544079788029194","4.993426322937012","",""
"2.455596812069416","4.984745025634766","",""
"2.455997746437788","4.981379508972168","",""
"2.45640822686255","4.993444919586182","",""
"2.457563765347004","4.985020160675049","",""
"2.4579977616667747","4.981419086456299","",""
"2.458407310768962","4.993463039398193","",""
"2.459445735439658","4.985817909240723","",""
"2.4599977768957615","4.981403827667236","",""
"2.4604087229818106","4.99347448348999","",""
"2.461234340444207","4.987090587615967","",""
"2.4619977921247482","4.981447219848633","",""
"2.4624085053801537","4.9935221672058105","",""
"2.463387791067362","4.986276149749756","",""
"2.463997807353735","4.981520175933838","",""
"2.464407356455922","4.9935688972473145","",""
"2.4650392588227987","4.988077163696289","",""
"2.4659978225827217","4.981525897979736","",""
"2.466408768668771","4.993605136871338","",""
"2.4670353159308434","4.988148212432861","",""
"2.4679978378117085","4.9816107749938965","",""
"2.468407852575183","4.9936699867248535","",""
"2.4690330028533936","4.988210678100586","",""
"2.469997853040695","4.981654167175293","",""
"2.4704074021428823","4.993699550628662","",""
"2.4708276614546776","4.9889020919799805","",""
"2.471997868269682","4.98166036605835","",""
"2.472406253218651","4.993678092956543","",""
"2.472837921231985","4.9888386726379395","",""
"2.4739978834986687","4.981581687927246","",""
"2.4744069669395685","4.99360466003418","",""
"2.474840497598052","4.9887566566467285","",""
"2.4759978987276554","4.981508255004883","",""
"2.4764088448137045","4.9935712814331055","",""
"2.4765098933130503","4.989442825317383","",""
"2.477997913956642","4.981523036956787","",""
"2.4784072302281857","4.993556022644043","",""
"2.4784172419458628","4.989963531494141","",""
"2.479997929185629","4.981470584869385","",""
"2.4804065469652414","4.99348783493042","",""
"2.481997711583972","4.981376647949219","",""
"2.4823981802910566","4.993185997009277","",""
"2.48240795917809","4.9934186935424805","",""
"2.4839977268129587","4.981337070465088","",""
"2.4842629209160805","4.990180015563965","",""
"2.484408440068364","4.993394374847412","",""
"2.4859977420419455","4.981337547302246","",""
"2.4862652644515038","4.990231990814209","",""
"2.4864086881279945","4.993406772613525","",""
"2.487997757270932","4.981377601623535","",""
"2.4880021810531616","4.984974384307861","",""
"2.4884073063731194","4.9934163093566895","",""
"2.4899907875806093","4.981417655944824","",""
"2.489997772499919","4.98135232925415","",""
"2.4904070887714624","4.993380546569824","",""
"2.491990802809596","4.981361389160156","",""
"2.4919977877289057","4.981296062469482","",""
"2.492408500984311","4.993356227874756","",""
"2.4937696289271116","4.983318328857422","",""
"2.4939978029578924","4.9813032150268555","",""
"2.494408516213298","4.993369102478027","",""
"2.4957687128335238","4.9833598136901855","",""
"2.495997818186879","4.981338977813721","",""
"2.4964080657809973","4.993398666381836","",""
"2.4977168068289757","4.983805179595947","",""
"2.497997833415866","4.9813618659973145","",""
"2.498408779501915","4.993439197540283","",""
"2.499717054888606","4.983851432800293","",""
"2.4999978486448526","4.981415271759033","",""
"2.5004080962389708","4.993486404418945","",""
"2.5017287116497755","4.98382043838501","",""
"2.5019978638738394","4.981476783752441","",""
"2.502407180145383","4.993522644042969","",""
"2.5036551523953676","4.98440408706665","",""
"2.503997879102826","4.981475830078125","",""
"2.5044085923582315","4.993545055389404","",""
"2.5053920689970255","4.986266613006592","",""
"2.505997894331813","4.981534004211426","",""
"2.5064086075872183","4.9936113357543945","",""
"2.5073664728552103","4.986498832702637","",""
"2.5079979095607996","4.9816083908081055","",""
"2.508407225832343","4.993656158447266","",""
"2.5094219017773867","4.986178398132324","",""
"2.5104067754000425","4.990993976593018","",""
"2.511215629056096","4.978752613067627","",""
"2.5130293797701597","4.960079669952393","",""
"2.5150920264422894","4.932009220123291","",""
"2.517182845622301","4.901884078979492","",""
"2.518000081181526","4.881961345672607","",""
"2.518677618354559","4.888096809387207","",""
"2.520000096410513","4.855942726135254","",""
"2.52073397859931","4.867521286010742","",""
"2.5207612197846174","4.86799955368042","",""
"2.5220001116394997","4.850916862487793","",""
"2.5227072183042765","4.86678409576416","",""
"2.5239998940378428","4.8589067459106445","",""
"2.5244783610105515","4.872358322143555","",""
"2.526478609070182","4.8892974853515625","",""
"2.5282965507358313","4.903420925140381","",""
"2.5302954018115997","4.920894145965576","",""
"2.532416954636574","4.937990665435791","",""
"2.5339978747069836","4.932990550994873","",""
"2.5340020656585693","4.936595916748047","",""
"2.534371567890048","4.9455742835998535","",""
"2.535990672186017","4.937643527984619","",""
"2.5359978899359703","4.937593936920166","",""
"2.5363508611917496","4.949105262756348","",""
"2.5379906874150038","4.938364028930664","",""
"2.537997905164957","4.9383039474487305","",""
"2.538349013775587","4.949257850646973","",""
"2.539769746363163","4.938346862792969","",""
"2.540367655456066","4.94716739654541","",""
"2.5417122524231672","4.935803413391113","",""
"2.541997702792287","4.932968616485596","",""
"2.5423974730074406","4.944279670715332","",""
"2.5436675641685724","4.93328857421875","",""
"2.5439977180212736","4.929975986480713","",""
"2.5444235652685165","4.941760540008545","",""
"2.5456936564296484","4.930948734283447","",""
"2.5459977332502604","4.927917957305908","",""
"2.5464470963925123","4.940277099609375","",""
"2.547438722103834","4.93223762512207","",""
"2.547997748479247","4.927314758300781","",""
"2.5484603829681873","4.940141201019287","",""
"2.5495458394289017","4.93196964263916","",""
"2.5500000920146704","4.928041934967041","",""
"2.550467848777771","4.941220283508301","",""
"2.5515714660286903","4.933444023132324","",""
"2.552000107243657","4.929902076721191","",""
"2.5524680968374014","4.943281173706055","",""
"2.553510246798396","4.936322212219238","",""
"2.553999889642","4.932543754577637","",""
"2.5544625241309404","4.9459452629089355","",""
"2.5551272556185722","4.941009998321533","",""
"2.555997809395194","4.93552827835083","",""
"2.556453226134181","4.94882869720459","",""
"2.5571284350007772","4.943912029266357","",""
"2.557997824624181","4.938482761383057","",""
"2.5584460236132145","4.951636791229248","",""
"2.559122396633029","4.946681976318359","",""
"2.5599978398531675","4.941188335418701","",""
"2.5604378897696733","4.954131126403809","",""
"2.5608879514038563","4.949696063995361","",""
"2.5619978550821543","4.943406581878662","",""
"2.562433248385787","4.956181049346924","",""
"2.5628835428506136","4.951655864715576","",""
"2.563997870311141","4.945152282714844","",""
"2.5644314009696245","4.9578142166137695","",""
"2.5648819282650948","4.953207015991211","",""
"2.5659978855401278","4.946515083312988","",""
"2.5664311833679676","4.959110736846924","",""
"2.566881477832794","4.954441070556641","",""
"2.5679979007691145","4.947602272033691","",""
"2.5684309657663107","4.960140228271484","",""
"2.568507567048073","4.9561448097229","",""
"2.5699979159981012","4.948444843292236","",""
"2.570432610809803","4.960974216461182","",""
"2.571997931227088","4.9491729736328125","",""
"2.572424942627549","4.961487770080566","",""
"2.573997713625431","4.9498701095581055","",""
"2.5744372978806496","4.962462425231934","",""
"2.575997728854418","4.9506449699401855","",""
"2.576439408585429","4.963290691375732","",""
"2.5779977440834045","4.951539993286133","",""
"2.578441519290209","4.9642438888549805","",""
"2.5799977593123913","4.952588081359863","",""
"2.5800021830946207","4.956181526184082","",""
"2.580441301688552","4.965307235717773","",""
"2.5819905567914248","4.953769683837891","",""
"2.581997774541378","4.953700065612793","",""
"2.582441782578826","4.966440677642822","",""
"2.5839905720204115","4.954955101013184","",""
"2.5839977897703648","4.954885482788086","",""
"2.584438771009445","4.967569351196289","",""
"2.5857684668153524","4.9579997062683105","",""
"2.5859978049993515","4.955951690673828","",""
"2.5864392518997192","4.9686360359191895","",""
"2.587768714874983","4.959054946899414","",""
"2.5879978202283382","4.957008361816406","",""
"2.5884390342980623","4.969681262969971","",""
"2.5897687301039696","4.960082054138184","",""
"2.589997835457325","4.958030700683594","",""
"2.5904388166964054","4.970696449279785","",""
"2.5915668811649084","4.962637901306152","",""
"2.5919978506863117","4.959024906158447","",""
"2.592435572296381","4.971606731414795","",""
"2.5935638695955276","4.963468074798584","",""
"2.5939978659152985","4.95980167388916","",""
"2.5944365188479424","4.972376346588135","",""
"2.5955638848245144","4.964198112487793","",""
"2.595997881144285","4.960516452789307","",""
"2.5964367669075727","4.973084926605225","",""
"2.597563900053501","4.964878082275391","",""
"2.597997896373272","4.961184978485107","",""
"2.598437247797847","4.97374963760376","",""
"2.599563915282488","4.96552038192749","",""
"2.5999979116022587","4.961819171905518","",""
"2.600437495857477","4.974381446838379","",""
"2.6011120062321424","4.968774795532227","",""
"2.6019979268312454","4.962426662445068","",""
"2.6024377439171076","4.974987030029297","",""
"2.603112254291773","4.969372272491455","",""
"2.603997942060232","4.963013648986816","",""
"2.604437991976738","4.9755730628967285","",""
"2.6051122695207596","4.96995210647583","",""
"2.6059977244585752","4.9635844230651855","",""
"2.6064380072057247","4.9761433601379395","",""
"2.6068866718560457","4.971329689025879","",""
"2.607997739687562","4.964142322540283","",""
"2.608438255265355","4.976700782775879","",""
"2.6088866870850325","4.971883773803711","",""
"2.6099977549165487","4.964689254760742","",""
"2.6104385033249855","4.977247714996338","",""
"2.610886702314019","4.972428321838379","",""
"2.6119977701455355","4.965227127075195","",""
"2.6124385185539722","4.977785110473633","",""
"2.6125889271497726","4.973576068878174","",""
"2.613997785374522","4.965757369995117","",""
"2.614438533782959","4.978315353393555","",""
"2.614515135064721","4.974303245544434","",""
"2.615997800603509","4.966280460357666","",""
"2.6164387818425894","4.9788384437561035","",""
"2.6179978158324957","4.966798305511475","",""
"2.618438797071576","4.979355812072754","",""
"2.6199978310614824","4.967310428619385","",""
"2.6204308960586786","4.979682445526123","",""
"2.621997846290469","4.967818260192871","",""
"2.6224388275295496","4.98037576675415","",""
"2.623997861519456","4.968321800231934","",""
"2.62443907558918","4.980879306793213","",""
"2.6259978767484426","4.9688215255737305","",""
"2.626002300530672","4.972414016723633","",""
"2.6264390908181667","4.981379508972168","",""
"2.6279904413968325","4.96938943862915","",""
"2.6279978919774294","4.96931791305542","",""
"2.6284391060471535","4.981875896453857","",""
"2.629990689456463","4.969880104064941","",""
"2.629997907206416","4.969810962677002","",""
"2.63043912127614","4.9823689460754395","",""
"2.631770446896553","4.97239875793457","",""
"2.631997922435403","4.970301151275635","",""
"2.632439136505127","4.9828596115112305","",""
"2.63377046212554","4.972886562347412","",""
"2.6339979376643896","4.970788478851318","",""
"2.6344393845647573","4.983346939086914","",""
"2.6357704773545265","4.973371982574463","",""
"2.6359977200627327","4.971273422241211","",""
"2.636436140164733","4.983758449554443","",""
"2.6375611778348684","4.975364685058594","",""
"2.6379977352917194","4.97157096862793","",""
"2.6384363882243633","4.984036922454834","",""
"2.639561425894499","4.975594520568848","",""
"2.639997750520706","4.971786022186279","",""
"2.6404375676065683","4.984264373779297","",""
"2.64156237244606","4.975809574127197","",""
"2.641997765749693","4.972002983093262","",""
"2.6424373500049114","4.984471321105957","",""
"2.6435619220137596","4.975998401641846","",""
"2.6439977809786797","4.972179412841797","",""
"2.6444399263709784","4.984696388244629","",""
"2.6455619372427464","4.9762678146362305","",""
"2.6459977962076664","4.9724626541137695","",""
"2.646438078954816","4.984949111938477","",""
"2.6471102610230446","4.979216575622559","",""
"2.647997811436653","4.972677230834961","",""
"2.648439723998308","4.985194683074951","",""
"2.649111906066537","4.97947359085083","",""
"2.64999782666564","4.972960472106934","",""
"2.650441136211157","4.9855170249938965","",""
"2.6511133182793856","4.979822635650635","",""
"2.6519978418946266","4.973348140716553","",""
"2.6524385903030634","4.985856533050537","",""
"2.6528858579695225","4.980984210968018","",""
"2.6539978571236134","4.973633289337158","",""
"2.6544383727014065","4.986129283905029","",""
"2.6548856403678656","4.981247901916504","",""
"2.6559978723526","4.973876953125","",""
"2.656438620761037","4.98637056350708","",""
"2.6568856555968523","4.981484413146973","",""
"2.657997887581587","4.974103927612305","",""
"2.658439101651311","4.986607551574707","",""
"2.6585892774164677","4.9823760986328125","",""
"2.6599979028105736","4.974347114562988","",""
"2.660438884049654","4.986845970153809","",""
"2.6605152525007725","4.982822895050049","",""
"2.6619979180395603","4.974575996398926","",""
"2.662439364939928","4.98708438873291","",""
"2.663997933268547","4.974824905395508","",""
"2.6644293684512377","4.987095832824707","",""
"2.66599771566689","4.975046157836914","",""
"2.666439861059189","4.987560749053955","",""
"2.667997730895877","4.975306034088135","",""
"2.6684387121349573","4.987797737121582","",""
"2.6699977461248636","4.9755120277404785","",""
"2.670437330380082","4.987967014312744","",""
"2.6719977613538504","4.975616931915283","",""
"2.67200218513608","4.979208469390869","",""
"2.672438044101","4.9880757331848145","",""
"2.673990558832884","4.975782871246338","",""
"2.673997776582837","4.975710391998291","",""
"2.674439921975136","4.988208770751953","",""
"2.6759905740618706","4.975963592529297","",""
"2.675997791811824","4.97589111328125","",""
"2.676440170034766","4.9884033203125","",""
"2.677769400179386","4.978253364562988","",""
"2.6779978070408106","4.976114749908447","",""
"2.678440883755684","4.988644599914551","",""
"2.6797691825777292","4.97852897644043","",""
"2.6799978222697973","4.9763922691345215","",""
"2.680438570678234","4.988879680633545","",""
"2.6817680336534977","4.978727340698242","",""
"2.681997837498784","4.9765753746032715","",""
"2.682439051568508","4.989062309265137","",""
"2.6835601311177015","4.980587959289551","",""
"2.683997852727771","4.976746082305908","",""
"2.6844374369829893","4.989193916320801","",""
"2.6855587493628263","4.980679512023926","",""
"2.6859978679567575","4.97681188583374","",""
"2.6864400133490562","4.989303112030029","",""
"2.687561558559537","4.980804443359375","",""
"2.6879978831857443","4.976966857910156","",""
"2.688437467440963","4.989408493041992","",""
"2.689559943974018","4.980867862701416","",""
"2.689997898414731","4.977001667022705","",""
"2.6904395781457424","4.989479064941406","",""
"2.6915608905255795","4.98095703125","",""
"2.6919979136437178","4.9771037101745605","",""
"2.692439593374729","4.9895853996276855","",""
"2.6931101456284523","4.983814239501953","",""
"2.6939979288727045","4.977218151092529","",""
"2.694440772756934","4.989730358123779","",""
"2.6951131876558065","4.983972072601318","",""
"2.6959977112710476","4.977415084838867","",""
"2.6964405551552773","4.989933013916016","",""
"2.697112038731575","4.984189987182617","",""
"2.6979977265000343","4.977640151977539","",""
"2.698438474908471","4.990114688873291","",""
"2.698885276913643","4.985208034515381","",""
"2.699997741729021","4.977766036987305","",""
"2.700438955798745","4.990240573883057","",""
"2.7008862234652042","4.985327243804932","",""
"2.701997756958008","4.977880001068115","",""
"2.7024373412132263","4.990313529968262","",""
"2.7028850745409727","4.98538064956665","",""
"2.7039977721869946","4.9778828620910645","",""
"2.7044389862567186","4.990342140197754","",""
"2.704589394852519","4.986093044281006","",""
"2.7059977874159813","4.977924346923828","",""
"2.7064383029937744","4.990365028381348","",""
"2.706514671444893","4.98633337020874","",""
"2.707997802644968","4.977920055389404","",""
"2.708430401980877","4.990169525146484","",""
"2.7099978178739548","4.977880001068115","",""
"2.710441593080759","4.990384578704834","",""
"2.7119978331029415","4.978010654449463","",""
"2.7123584877699614","4.9886579513549805","",""
"2.712441375479102","4.9905290603637695","",""
"2.7139978483319283","4.978199481964111","",""
"2.714358502998948","4.98885440826416","",""
"2.715997863560915","4.978430271148682","",""
"2.7164320927113295","4.990747928619385","",""
"2.71643977612257","4.990931987762451","",""
"2.7179978787899017","4.978613376617432","",""
"2.718002302572131","4.982204914093018","",""
"2.7184379287064075","4.991065979003906","",""
"2.7199904434382915","4.978744983673096","",""
"2.7199978940188885","4.978672027587891","",""
"2.720439340919256","4.991145610809326","",""
"2.721990691497922","4.9788336753845215","",""
"2.721997909247875","4.978763103485107","",""
"2.722440054640174","4.991254806518555","",""
"2.7237706817686558","4.981031894683838","",""
"2.723997924476862","4.978893756866455","",""
"2.7244379743933678","4.991337299346924","",""
"2.7257681358605623","4.981078624725342","",""
"2.725997706875205","4.978909969329834","",""
"2.7264400850981474","4.991392612457275","",""
"2.7277341578155756","4.98145866394043","",""
"2.727997722104192","4.978998184204102","",""
"2.7284398674964905","4.991486072540283","",""
"2.729560947045684","4.982964515686035","",""
"2.7299977373331785","4.9791107177734375","",""
"2.7304384857416153","4.991562843322754","",""
"2.7315570041537285","4.9830322265625","",""
"2.7319977525621653","4.979136943817139","",""
"2.7324394322931767","4.991605281829834","",""
"2.7335588820278645","4.9830708503723145","",""
"2.733997767791152","4.979191780090332","",""
"2.7344406116753817","4.991688251495361","",""
"2.7355551719665527","4.983211040496826","",""
"2.7359977830201387","4.979313373565674","",""
"2.7364399284124374","4.991798400878906","",""
"2.7375544887036085","4.983320713043213","",""
"2.7379977982491255","4.979416847229004","",""
"2.738438779488206","4.991878986358643","",""
"2.7391070034354925","4.986099720001221","",""
"2.739997813478112","4.979462146759033","",""
"2.740437863394618","4.9918975830078125","",""
"2.7410294860601425","4.986431121826172","",""
"2.741997828707099","4.979424476623535","",""
"2.7424381114542484","4.991848468780518","",""
"2.7431088965386152","4.986025810241699","",""
"2.7439978439360857","4.979353904724121","",""
"2.744440920650959","4.991837978363037","",""
"2.7448872569948435","4.986908435821533","",""
"2.7459978591650724","4.9794206619262695","",""
"2.746439538896084","4.991886138916016","",""
"2.7468858752399683","4.9869561195373535","",""
"2.747997874394059","4.979456901550293","",""
"2.748439321294427","4.991912841796875","",""
"2.7488856576383114","4.986978530883789","",""
"2.749997889623046","4.979469299316406","",""
"2.750438405200839","4.9918999671936035","",""
"2.750588348135352","4.987647533416748","",""
"2.7519979048520327","4.9794135093688965","",""
"2.752438420429826","4.99183988571167","",""
"2.7525147888809443","4.987804889678955","",""
"2.7539979200810194","4.979333877563477","",""
"2.754439599812031","4.991781234741211","",""
"2.7559977024793625","4.979298114776611","",""
"2.7564396150410175","4.99174690246582","",""
"2.7579977177083492","4.9792680740356445","",""
"2.758441027253866","4.991750717163086","",""
"2.759997732937336","4.979325294494629","",""
"2.76023312471807","4.987387180328369","",""
"2.7604401111602783","4.991799831390381","",""
"2.7619977481663227","4.979376792907715","",""
"2.7622338384389877","4.987452030181885","",""
"2.7624412905424833","4.99188232421875","",""
"2.7639977633953094","4.979510307312012","",""
"2.764002187177539","4.983102321624756","",""
"2.764439908787608","4.991995334625244","",""
"2.765990560874343","4.979682445526123","",""
"2.765997778624296","4.979609489440918","",""
"2.7664396911859512","4.9920854568481445","",""
"2.7679908089339733","4.979757785797119","",""
"2.767997793853283","4.979687213897705","",""
"2.7684394735842943","4.992157936096191","",""
"2.769768238067627","4.981917381286621","",""
"2.7699978090822697","4.979750633239746","",""
"2.7704397216439247","4.992225170135498","",""
"2.7717684861272573","4.981986999511719","",""
"2.7719978243112564","4.979821681976318","",""
"2.7724397368729115","4.992292881011963","",""
"2.7737682685256004","4.98205041885376","",""
"2.773997839540243","4.979883193969727","",""
"2.774439984932542","4.992361068725586","",""
"2.7755603659898043","4.983827114105225","",""
"2.77599785476923","4.979959964752197","",""
"2.7764395345002413","4.992429733276367","",""
"2.7775599155575037","4.983891010284424","",""
"2.7779978699982166","4.980018138885498","",""
"2.7784400153905153","4.992498874664307","",""
"2.7795603964477777","4.983966827392578","",""
"2.7799978852272034","4.980101585388184","",""
"2.780439332127571","4.992567539215088","",""
"2.7815597131848335","4.9840264320373535","",""
"2.78199790045619","4.980151176452637","",""
"2.7824402786791325","4.9926371574401855","",""
"2.783560659736395","4.984107971191406","",""
"2.783997915685177","4.980246067047119","",""
"2.784439129754901","4.992705345153809","",""
"2.7851101476699114","4.986910343170166","",""
"2.7859979309141636","4.980279922485352","",""
"2.7864377480000257","4.992703437805176","",""
"2.7871092315763235","4.986883163452148","",""
"2.7879977133125067","4.980215549468994","",""
"2.788438694551587","4.992649078369141","",""
"2.7891104109585285","4.986822605133057","",""
"2.7899977285414934","4.980156421661377","",""
"2.7904396411031485","4.992608070373535","",""
"2.7908862102776766","4.987663745880127","",""
"2.79199774377048","4.980135440826416","",""
"2.7924382593482733","4.992559432983398","",""
"2.7928848285228014","4.987605571746826","",""
"2.793997758999467","4.980044841766357","",""
"2.794441534206271","4.992533206939697","",""
"2.794887637719512","4.987600326538086","",""
"2.7959977742284536","4.980104923248291","",""
"2.796439453959465","4.992563724517822","",""
"2.796589396893978","4.988315105438232","",""
"2.7979977894574404","4.980111122131348","",""
"2.7984408661723137","4.992599964141846","",""
"2.7985170017927885","4.988570213317871","",""
"2.799997804686427","4.980191707611084","",""
"2.8004301711916924","4.992435455322266","",""
"2.800439717248082","4.9926605224609375","",""
"2.801997819915414","4.9802350997924805","",""
"2.8024313505738974","4.992508411407471","",""
"2.8024392668157816","4.992691516876221","",""
"2.8039978351444006","4.980245590209961","",""
"2.8044383507221937","4.992673873901367","",""
"2.8059978503733873","4.980180263519287","",""
"2.806440694257617","4.992656707763672","",""
"2.807997865602374","4.980221748352051","",""
"2.808439778164029","4.992684841156006","",""
"2.809997880831361","4.980240821838379","",""
"2.8100023046135902","4.983831882476807","",""
"2.810440259054303","4.992713928222656","",""
"2.8119906783103943","4.980355262756348","",""
"2.8119978960603476","4.980284690856934","",""
"2.8124400414526463","4.992755889892578","",""
"2.813990693539381","4.980399131774902","",""
"2.8139979112893343","4.980328559875488","",""
"2.814440056681633","4.992800235748291","",""
"2.8157709166407585","4.982522964477539","",""
"2.815997926518321","4.980376243591309","",""
"2.816439839079976","4.992848873138428","",""
"2.8177709318697453","4.98257303237915","",""
"2.8179979417473078","4.980426788330078","",""
"2.8184400871396065","4.992901802062988","",""
"2.819770947098732","4.982630252838135","",""
"2.819997724145651","4.980485439300537","",""
"2.820440335199237","4.9929680824279785","",""
"2.8215590864419937","4.984443664550781","",""
"2.8219977393746376","4.980565547943115","",""
"2.8224382549524307","4.9930033683776855","",""
"2.8235572390258312","4.984443187713623","",""
"2.8239977546036243","4.980536937713623","",""
"2.8244403656572104","4.993011951446533","",""
"2.8255588840693235","4.984471321105957","",""
"2.825997769832611","4.980587005615234","",""
"2.8264401480555534","4.993061542510986","",""
"2.8275586664676666","4.984526634216309","",""
"2.827997785061598","4.9806413650512695","",""
"2.828440396115184","4.9931254386901855","",""
"2.8295591473579407","4.984601020812988","",""
"2.8299978002905846","4.9807233810424805","",""
"2.8304392471909523","4.993185997009277","",""
"2.8311097994446754","4.987392425537109","",""
"2.8319978155195713","4.980757236480713","",""
"2.8324383310973644","4.993192195892334","",""
"2.8331088833510876","4.987380504608154","",""
"2.833997830748558","4.980715751647949","",""
"2.834440441802144","4.99318790435791","",""
"2.83511052839458","4.987389087677002","",""
"2.835997845977545","4.980753421783447","",""
"2.8364397585392","4.993220806121826","",""
"2.8368858620524406","4.988288879394531","",""
"2.8379978612065315","4.980784893035889","",""
"2.8384400065988302","4.993255138397217","",""
"2.838886110112071","4.988325119018555","",""
"2.8399978764355183","4.980825424194336","",""
"2.840440021827817","4.993296146392822","",""
"2.8408861253410578","4.988367080688477","",""
"2.841997891664505","4.980869293212891","",""
"2.8424400370568037","4.993342399597168","",""
"2.842589747160673","4.989096641540527","",""
"2.8439979068934917","4.980920314788818","",""
"2.8444400522857904","4.9933977127075195","",""
"2.844516420736909","4.989367961883545","",""
"2.8459979221224785","4.980984210968018","",""
"2.8464298229664564","4.993220329284668","",""
"2.846437506377697","4.993403434753418","",""
"2.8479979373514652","4.980903625488281","",""
"2.8484391514211893","4.993342399597168","",""
"2.8499977197498083","4.9808502197265625","",""
"2.8504387009888887","4.993278503417969","",""
"2.851997734978795","4.980764865875244","",""
"2.8522240463644266","4.988645076751709","",""
"2.852438949048519","4.993196964263916","",""
"2.853997750207782","4.980676651000977","",""
"2.8542487416416407","4.989030838012695","",""
"2.8544417582452297","4.99316930770874","",""
"2.8559977654367685","4.980727195739746","",""
"2.856002189218998","4.984318256378174","",""
"2.8564403764903545","4.993208885192871","",""
"2.8579907957464457","4.980848789215088","",""
"2.8579977806657553","4.980778217315674","",""
"2.858441323041916","4.993283271789551","",""
"2.8599905781447887","4.980964660644531","",""
"2.859997795894742","4.980891704559326","",""
"2.8604399412870407","4.993372917175293","",""
"2.8617701027542353","4.98311710357666","",""
"2.8619978111237288","4.980967044830322","",""
"2.8624399565160275","4.993443489074707","",""
"2.863768022507429","4.98320198059082","",""
"2.8639978263527155","4.981032848358154","",""
"2.864439971745014","4.993509769439697","",""
"2.865768037736416","4.983269214630127","",""
"2.8659978415817022","4.981100559234619","",""
"2.8664390556514263","4.9935526847839355","",""
"2.8675582725554705","4.985001087188721","",""
"2.867997856810689","4.981106758117676","",""
"2.8684395365417004","4.993564128875732","",""
"2.869558287784457","4.985010147094727","",""
"2.8699978720396757","4.981115341186523","",""
"2.870437689125538","4.993530750274658","",""
"2.8715566731989384","4.984936237335205","",""
"2.8719978872686625","4.981013774871826","",""
"2.8724397998303175","4.993465900421143","",""
"2.8735590167343616","4.984880447387695","",""
"2.873997902497649","4.980981826782227","",""
"2.8744395822286606","4.9934306144714355","",""
"2.875559963285923","4.984836578369141","",""
"2.875997917726636","4.980944633483887","",""
"2.8764386661350727","4.993374824523926","",""
"2.8773818630725145","4.986010551452637","",""
"2.877997700124979","4.9808526039123535","",""
"2.8784405440092087","4.993319988250732","",""
"2.8791080694645643","4.987516403198242","",""
"2.8799977153539658","4.980849742889404","",""
"2.8804398607462645","4.993310928344727","",""
"2.88110738620162","4.987508773803711","",""
"2.8819977305829525","4.980839252471924","",""
"2.882439410313964","4.993287086486816","",""
"2.882883884012699","4.98834228515625","",""
"2.8839977458119392","4.98079776763916","",""
"2.884441753849387","4.993297576904297","",""
"2.8848573565483093","4.988460540771484","",""
"2.885997761040926","4.9808831214904785","",""
"2.886440372094512","4.993369102478027","",""
"2.886885078623891","4.988446235656738","",""
"2.8879977762699127","4.980955600738525","",""
"2.8884406201541424","4.993447780609131","",""
"2.888590097427368","4.989201545715332","",""
"2.8899977914988995","4.9810471534729","",""
"2.890440635383129","4.9935407638549805","",""
"2.890510717406869","4.989535808563232","",""
"2.891997806727886","4.981152057647705","",""
"2.8924390207976103","4.993611812591553","",""
"2.893997821956873","4.981177806854248","",""
"2.8944378718733788","4.993603706359863","",""
"2.8959978371858597","4.981108665466309","",""
"2.8964404482394457","4.9935808181762695","",""
"2.8979978524148464","4.981130123138428","",""
"2.8982548974454403","4.989618301391602","",""
"2.898439299315214","4.993587017059326","",""
"2.899997867643833","4.981116771697998","",""
"2.900257706642151","4.989654064178467","",""
"2.9004395473748446","4.993574619293213","",""
"2.90199788287282","4.9811015129089355","",""
"2.9020023066550493","4.984692096710205","",""
"2.9024474788457155","4.993744850158691","",""
"2.9039904475212097","4.981630802154541","",""
"2.9039978981018066","4.981558322906494","",""
"2.904438180848956","4.994037628173828","",""
"2.90599069558084","4.981756210327148","",""
"2.9059979133307934","4.981685638427734","",""
"2.90643866173923","4.994148254394531","",""
"2.9077709186822176","4.983891010284424","",""
"2.90799792855978","4.981748580932617","",""
"2.908436581492424","4.994150638580322","",""
"2.909769769757986","4.983807563781738","",""
"2.909997710958123","4.981642723083496","",""
"2.910437760874629","4.994048118591309","",""
"2.911769784986973","4.983679294586182","",""
"2.91199772618711","4.981509685516357","",""
"2.9124394059181213","4.993947505950928","",""
"2.9135586228221655","4.985345840454102","",""
"2.9139977414160967","4.981438636779785","",""
"2.914440119639039","4.993895530700684","",""
"2.915557473897934","4.985322952270508","",""
"2.9159977566450834","4.981410980224609","",""
"2.9164378065615892","4.993818283081055","",""
"2.9175581876188517","4.985187530517578","",""
"2.91799777187407","4.981265544891357","",""
"2.9184406157583","4.9937286376953125","",""
"2.9195540118962526","4.985177516937256","",""
"2.919997787103057","4.981239318847656","",""
"2.9204401653259993","4.993699073791504","",""
"2.9215533286333084","4.985157489776611","",""
"2.9219978023320436","4.981215953826904","",""
"2.922440879046917","4.993692874908447","",""
"2.923439722508192","4.985992908477783","",""
"2.9239978175610304","4.981238842010498","",""
"2.924439497292042","4.993693828582764","",""
"2.9251067899167538","4.9878926277160645","",""
"2.925997832790017","4.981219291687012","",""
"2.926439279690385","4.993664741516113","",""
"2.927068155258894","4.988034725189209","",""
"2.927997848019004","4.98117733001709","",""
"2.9284474439918995","4.993809700012207","",""
"2.928853267803788","4.989042282104492","",""
"2.9299978632479906","4.981597900390625","",""
"2.930440241470933","4.99412202835083","",""
"2.9308435041457415","4.989351272583008","",""
"2.9319978784769773","4.981808662414551","",""
"2.932438626885414","4.994279384613037","",""
"2.9328849632292986","4.989367961883545","",""
"2.933997893705964","4.981903076171875","",""
"2.9344388749450445","4.994361877441406","",""
"2.934588585048914","4.990117073059082","",""
"2.935997908934951","4.98194694519043","",""
"2.9364358633756638","4.994328022003174","",""
"2.9365119989961386","4.990292072296143","",""
"2.9379979241639376","4.981779098510742","",""
"2.9384377412497997","4.994177341461182","",""
"2.9399979393929243","4.9816131591796875","",""
"2.9404389206320047","4.994033336639404","",""
"2.9419977217912674","4.981481552124023","",""
"2.9422694351524115","4.990240573883057","",""
"2.9424401000142097","4.993928909301758","",""
"2.943997737020254","4.981411457061768","",""
"2.9442599043250084","4.989984512329102","",""
"2.94444034807384","4.993868350982666","",""
"2.945997752249241","4.981378078460693","",""
"2.9462336096912622","4.989441871643066","",""
"2.9464394319802523","4.993818283081055","",""
"2.9479977674782276","4.9813055992126465","",""
"2.948002191260457","4.9848952293396","",""
"2.9484457336366177","4.993894100189209","",""
"2.949990564957261","4.981672763824463","",""
"2.9499977827072144","4.981599807739258","",""
"2.950439229607582","4.994080543518066","",""
"2.9519908130168915","4.981754302978516","",""
"2.951997797936201","4.981683731079102","",""
"2.952440408989787","4.994177341461182","",""
"2.953770337626338","4.983935356140137","",""
"2.953997813165188","4.981790065765381","",""
"2.9544394928961992","4.994260311126709","",""
"2.955770120024681","4.984002590179443","",""
"2.9559978283941746","4.981850624084473","",""
"2.9564390424638987","4.994307994842529","",""
"2.9577678069472313","4.984044075012207","",""
"2.9579978436231613","4.981869697570801","",""
"2.9584369622170925","4.9942708015441895","",""
"2.95976921916008","4.983911514282227","",""
"2.959997858852148","4.981736660003662","",""
"2.9604395385831594","4.994178771972656","",""
"2.961750840768218","4.984005928039551","",""
"2.961997874081135","4.981672763824463","",""
"2.962437691166997","4.994076251983643","",""
"2.9635510873049498","4.985487937927246","",""
"2.9639978893101215","4.981510639190674","",""
"2.96444701962173","4.9941182136535645","",""
"2.965404884889722","4.986767768859863","",""
"2.9659979045391083","4.981844902038574","",""
"2.9664377216249704","4.99429178237915","",""
"2.9675571713596582","4.985750675201416","",""
"2.967997919768095","4.981850624084473","",""
"2.968437969684601","4.994274139404297","",""
"2.9691087547689676","4.988449573516846","",""
"2.9699979349970818","4.9817728996276855","",""
"2.9704382177442312","4.994189262390137","",""
"2.9710326343774796","4.9886860847473145","",""
"2.971997717395425","4.981653213500977","",""
"2.9724466148763895","4.994258403778076","",""
"2.973052207380533","4.988795757293701","",""
"2.9739977326244116","4.98199462890625","",""
"2.9744370840489864","4.994430065155029","",""
"2.9748836532235146","4.989500999450684","",""
"2.9759977478533983","4.981982231140137","",""
"2.976436633616686","4.994372844696045","",""
"2.9768841341137886","4.989407539367676","",""
"2.977997763082385","4.9818243980407715","",""
"2.978438977152109","4.994251728057861","",""
"2.9788403771817684","4.989423751831055","",""
"2.979997778311372","4.981719970703125","",""
"2.9804399237036705","4.994169235229492","",""
"2.980842487886548","4.989346027374268","",""
"2.9819977935403585","4.981662273406982","",""
"2.9824385419487953","4.994086265563965","",""
"2.982507925480604","4.990078449249268","",""
"2.9839978087693453","4.981540679931641","",""
"2.9844387900084257","4.993961334228516","",""
"2.985997823998332","4.98140811920166","",""
"2.9864392708986998","4.993834972381592","",""
"2.9879978392273188","4.981284141540527","",""
"2.9883533716201782","4.99178409576416","",""
"2.9884399846196175","4.993727684020996","",""
"2.9899978544563055","4.981200695037842","",""
"2.9903510585427284","4.991654872894287","",""
"2.990439534187317","4.99363899230957","",""
"2.9919978696852922","4.981110572814941","",""
"2.9924404807388783","4.993566513061523","",""
"2.993997884914279","4.98106575012207","",""
"2.9940020758658648","4.984654903411865","",""
"2.9944402631372213","4.993523597717285","",""
"2.9959906823933125","4.981104850769043","",""
"2.9959979001432657","4.981033802032471","",""
"2.996439579874277","4.993479251861572","",""
"2.9979904647916555","4.98105001449585","",""
"2.9979979153722525","4.980976581573486","",""
"2.998441457748413","4.993462562561035","",""
"2.9997704550623894","4.9831743240356445","",""
"2.999997930601239","4.981020450592041","",""
"3.000439377501607","4.993473529815674","",""
"3.001770004630089","4.983158588409424","",""
"3.0019977129995823","4.980997085571289","",""
"3.0024407897144556","4.99347448348999","",""
"3.003770485520363","4.983185291290283","",""
"3.003997728228569","4.981031894683838","",""
"3.0044408049434423","4.993519306182861","",""
"3.0055586248636246","4.984987735748291","",""
"3.0059977434575558","4.981100559234619","",""
"3.0064391903579235","4.993553161621094","",""
"3.0075579416006804","4.984992027282715","",""
"3.0079977586865425","4.981091022491455","",""
"3.008439438417554","4.993542671203613","",""
"3.0095577239990234","4.984975337982178","",""
"3.0099977739155293","4.9810709953308105","",""
"3.0104387551546097","4.99350643157959","",""
"3.011557040736079","4.984920978546143","",""
"3.011997789144516","4.981004238128662","",""
"3.0124380718916655","4.993416786193848","",""
"3.013555658981204","4.984808444976807","",""
"3.0139978043735027","4.980869770050049","",""
"3.0144411139190197","4.993342876434326","",""
"3.015110269188881","4.9875311851501465","",""
"3.0159978196024895","4.980874538421631","",""
"3.0164411291480064","4.993361949920654","",""
"3.017110750079155","4.9875664710998535","",""
"3.017997834831476","4.980931282043457","",""
"3.0184388160705566","4.993374347686768","",""
"3.019109135493636","4.987558364868164","",""
"3.019997850060463","4.980889320373535","",""
"3.0204402282834053","4.993352890014648","",""
"3.020885866135359","4.988412380218506","",""
"3.0219978652894497","4.980889797210693","",""
"3.022440942004323","4.993374824523926","",""
"3.02288681268692","4.988443851470947","",""
"3.0239978805184364","4.980947971343994","",""
"3.024438861757517","4.993393898010254","",""
"3.0248851981014013","4.988450050354004","",""
"3.025997895747423","4.980917453765869","",""
"3.026440041139722","4.993381977081299","",""
"3.026589984074235","4.989130973815918","",""
"3.02799791097641","4.980924606323242","",""
"3.0284407548606396","4.993410110473633","",""
"3.0285168904811144","4.989378929138184","",""
"3.0299979262053967","4.980988025665283","",""
"3.0304384417831898","4.993423938751221","",""
"3.0319979414343834","4.980935573577881","",""
"3.0324305407702923","4.993178844451904","",""
"3.0324384570121765","4.993361473083496","",""
"3.0339977238327265","4.980843544006348","",""
"3.0344410333782434","4.993319034576416","",""
"3.035997739061713","4.980865001678467","",""
"3.036223817616701","4.988742828369141","",""
"3.0364396516233683","4.993324279785156","",""
"3.0379977542907","4.980857849121094","",""
"3.0382233671844006","4.9887285232543945","",""
"3.0384392011910677","4.993305206298828","",""
"3.0399977695196867","4.980820178985596","",""
"3.040002193301916","4.984409332275391","",""
"3.0404385179281235","4.993246555328369","",""
"3.041990799829364","4.9807963371276855","",""
"3.0419977847486734","4.980725288391113","",""
"3.042439930140972","4.993175029754639","",""
"3.043990582227707","4.9807515144348145","",""
"3.04399779997766","4.980678081512451","",""
"3.0444387812167406","4.993107318878174","",""
"3.045769641175866","4.982752799987793","",""
"3.045997815206647","4.980583190917969","",""
"3.046441124752164","4.993062496185303","",""
"3.0477705877274275","4.982761859893799","",""
"3.0479978304356337","4.980607032775879","",""
"3.048440208658576","4.993077278137207","",""
"3.0497706029564142","4.982778072357178","",""
"3.0499978456646204","4.980624198913574","",""
"3.050439991056919","4.993090629577637","",""
"3.0515578109771013","4.984537601470947","",""
"3.051997860893607","4.980637550354004","",""
"3.052439773455262","4.993096351623535","",""
"3.053557826206088","4.984536170959473","",""
"3.053997876122594","4.980633735656738","",""
"3.0544400215148926","4.993101119995117","",""
"3.055558307096362","4.984546184539795","",""
"3.0559978913515806","4.980649471282959","",""
"3.0564412008970976","4.993147850036621","",""
"3.0575599521398544","4.984619617462158","",""
"3.0579979065805674","4.980746746063232","",""
"3.0584398191422224","4.993220806121826","",""
"3.059559967368841","4.984673500061035","",""
"3.059997921809554","4.980797290802002","",""
"3.060439368709922","4.993259429931641","",""
"3.061474533751607","4.985316276550293","",""
"3.061997704207897","4.980814456939697","",""
"3.0624382197856903","4.993247985839844","",""
"3.0630333349108696","4.987758636474609","",""
"3.063997719436884","4.9807448387146","",""
"3.064438235014677","4.993165493011475","",""
"3.065065946429968","4.987524032592773","",""
"3.0659977346658707","4.980638027191162","",""
"3.066438250243664","4.993048191070557","",""
"3.0668845865875483","4.9880805015563965","",""
"3.0679977498948574","4.980490684509277","",""
"3.068438731133938","4.992907524108887","",""
"3.068884601816535","4.987940311431885","",""
"3.069997765123844","4.980348110198975","",""
"3.070439677685499","4.99278450012207","",""
"3.070885082706809","4.9878249168396","",""
"3.071997780352831","4.980249881744385","",""
"3.0724420212209225","4.992744445800781","",""
"3.072591731324792","4.988495349884033","",""
"3.0739977955818176","4.980302810668945","",""
"3.074440872296691","4.9927897453308105","",""
"3.0745170079171658","4.9887590408325195","",""
"3.0759978108108044","4.9803619384765625","",""
"3.076442051678896","4.992882251739502","",""
"3.077997826039791","4.980517387390137","",""
"3.07843298651278","4.9928412437438965","",""
"3.0784409027546644","4.9930243492126465","",""
"3.079997841268778","4.980660915374756","",""
"3.080426948145032","4.992844581604004","",""
"3.0804388225078583","4.9931230545043945","",""
"3.0819978564977646","4.980697154998779","",""
"3.082240466028452","4.988903522491455","",""
"3.082440234720707","4.993178367614746","",""
"3.0839978717267513","4.980762958526611","",""
"3.0842600390315056","4.989354133605957","",""
"3.084439318627119","4.993226051330566","",""
"3.085997886955738","4.980792045593262","",""
"3.0860023107379675","4.984382629394531","",""
"3.0864449217915535","4.993383884429932","",""
"3.0879906844347715","4.981208801269531","",""
"3.087997669354081","4.981139659881592","",""
"3.0884367879480124","4.993578910827637","",""
"3.0899906996637583","4.98121976852417","",""
"3.0899979174137115","4.981149196624756","",""
"3.0904386658221483","4.993596076965332","",""
"3.09176929295063","4.98331356048584","",""
"3.0919979326426983","4.981151580810547","",""
"3.0924377497285604","4.993574619293213","",""
"3.0937690753489733","4.983245849609375","",""
"3.0939977150410414","4.981074810028076","",""
"3.0944400932639837","4.993539333343506","",""
"3.0957229901105165","4.983645915985107","",""
"3.095997730270028","4.981078147888184","",""
"3.0964466277509928","4.993706703186035","",""
"3.0977707356214523","4.983624458312988","",""
"3.097997745499015","4.981502056121826","",""
"3.0984387267380953","4.993988513946533","",""
"3.099558176472783","4.985512733459473","",""
"3.0999977607280016","4.981644630432129","",""
"3.10043734498322","4.99407434463501","",""
"3.101557260379195","4.985526084899902","",""
"3.1019977759569883","4.981626033782959","",""
"3.102437127381563","4.994032382965088","",""
"3.1035563442856073","4.9854416847229","",""
"3.103997791185975","4.981518268585205","",""
"3.104437841102481","4.993925094604492","",""
"3.105556359514594","4.98531436920166","",""
"3.105997806414962","4.981383323669434","",""
"3.1064387876540422","4.993802070617676","",""
"3.1071114353835583","4.987948417663574","",""
"3.1079978216439486","4.981260776519775","",""
"3.10843950137496","4.993699073791504","",""
"3.1090329866856337","4.988201141357422","",""
"3.1099978368729353","4.981166362762451","",""
"3.1104395166039467","4.9936089515686035","",""
"3.1111070420593023","4.987788200378418","",""
"3.111997852101922","4.981091499328613","",""
"3.1124406959861517","4.993556976318359","",""
"3.1128490809351206","4.988722801208496","",""
"3.1139978673309088","4.981071472167969","",""
"3.1144418753683567","4.993579387664795","",""
"3.1148444395512342","4.9887800216674805","",""
"3.1159978825598955","4.981168270111084","",""
"3.116440726444125","4.99366569519043","",""
"3.116885432973504","4.988746166229248","",""
"3.1179978977888823","4.981266498565674","",""
"3.1184409745037556","4.993769645690918","",""
"3.118848195299506","4.9889655113220215","",""
"3.119997913017869","4.981388568878174","",""
"3.1204386614263058","4.99384069442749","",""
"3.120508510619402","4.989834308624268","",""
"3.1219979282468557","4.981394290924072","",""
"3.122439607977867","4.993856430053711","",""
"3.123997710645199","4.981411933898926","",""
"3.1244384590536356","4.993846893310547","",""
"3.1259977258741856","4.981358528137207","",""
"3.1262533739209175","4.989809513092041","",""
"3.1264363788068295","4.993734359741211","",""
"3.1279977411031723","4.9811320304870605","",""
"3.128250828012824","4.989516258239746","",""
"3.1284401193261147","4.993577003479004","",""
"3.129997756332159","4.981047630310059","",""
"3.130235942080617","4.989152908325195","",""
"3.1304408330470324","4.993517875671387","",""
"3.131997771561146","4.98104190826416","",""
"3.132002195343375","4.9846320152282715","",""
"3.1324471347033978","4.993670463562012","",""
"3.133990801870823","4.981510162353516","",""
"3.1339977867901325","4.981440544128418","",""
"3.1344383023679256","4.9939141273498535","",""
"3.135990584269166","4.98160457611084","",""
"3.1359978020191193","4.981531620025635","",""
"3.136439248919487","4.993997573852539","",""
"3.137769177556038","4.98374605178833","",""
"3.137997817248106","4.981586456298828","",""
"3.138437634333968","4.994010925292969","",""
"3.1397684942930937","4.983699798583984","",""
"3.1399978324770927","4.981525897979736","",""
"3.140436951071024","4.993916988372803","",""
"3.141770139336586","4.983525276184082","",""
"3.1419978477060795","4.9813551902771","",""
"3.142438130453229","4.99375581741333","",""
"3.143551293760538","4.985156059265137","",""
"3.1439978629350662","4.981176376342773","",""
"3.144441172480583","4.99364709854126","",""
"3.1457014847546816","4.983910083770752","",""
"3.145997878164053","4.981152534484863","",""
"3.1464393250644207","4.993598937988281","",""
"3.147367388010025","4.986335277557373","",""
"3.1479978933930397","4.981083393096924","",""
"3.148440970107913","4.9935622215271","",""
"3.1495646107941866","4.984957218170166","",""
"3.1499979086220264","4.981106281280518","",""
"3.150440752506256","4.993586540222168","",""
"3.1513632275164127","4.986388683319092","",""
"3.151997923851013","4.981133937835693","",""
"3.1524403020739555","4.99361515045166","",""
"3.1534391455352306","4.985928535461426","",""
"3.15399793908","4.98117733001709","",""
"3.1544410157948732","4.993675708770752","",""
"3.1550368294119835","4.988217353820801","",""
"3.155997721478343","4.981274127960205","",""
"3.156436840072274","4.993680953979492","",""
"3.1570279970765114","4.9882001876831055","",""
"3.1579977367073298","4.98114538192749","",""
"3.1584410462528467","4.99362850189209","",""
"3.1588522251695395","4.988792896270752","",""
"3.1599977519363165","4.981186866760254","",""
"3.160440130159259","4.993660926818848","",""
"3.1608412973582745","4.988856792449951","",""
"3.1619977671653032","4.98121452331543","",""
"3.1624382827430964","4.993646621704102","",""
"3.1628403812646866","4.988827228546143","",""
"3.16399778239429","4.981142044067383","",""
"3.164446447044611","4.993752956390381","",""
"3.1645847484469414","4.989542484283447","",""
"3.1659977976232767","4.981502056121826","",""
"3.166445530951023","4.994144439697266","",""
"3.1665153801441193","4.990151882171631","",""
"3.1679978128522635","4.98199987411499","",""
"3.1684371642768383","4.994471549987793","",""
"3.16999782808125","4.982140064239502","",""
"3.1704367138445377","4.994562149047852","",""
"3.171997843310237","4.98211669921875","",""
"3.172425553202629","4.994253158569336","",""
"3.172435099259019","4.99447774887085","",""
"3.1739978585392237","4.981900691986084","",""
"3.174426732584834","4.994036674499512","",""
"3.174436278641224","4.994260787963867","",""
"3.1759978737682104","4.981632709503174","",""
"3.176253754645586","4.990071773529053","",""
"3.1764362938702106","4.993981838226318","",""
"3.177997888997197","4.981298923492432","",""
"3.178002079948783","4.984888553619385","",""
"3.1784409657120705","4.993736267089844","",""
"3.1799906864762306","4.981234073638916","",""
"3.1804400496184826","4.993597984313965","",""
"3.1819907017052174","4.981112480163574","",""
"3.1819979194551706","4.981041431427002","",""
"3.182442160323262","4.9935302734375","",""
"3.1837711576372385","4.983216762542725","",""
"3.1839979346841574","4.981064319610596","",""
"3.184442175552249","4.9935712814331055","",""
"3.185768611729145","4.983327865600586","",""
"3.1859977170825005","4.981159687042236","",""
"3.186441259458661","4.993660926818848","",""
"3.1877681612968445","4.983431816101074","",""
"3.187997732311487","4.981263160705566","",""
"3.1884408090263605","4.9937591552734375","",""
"3.1897190492600203","4.983950138092041","",""
"3.189997747540474","4.981357574462891","",""
"3.1904398929327726","4.993836879730225","",""
"3.191417083144188","4.986311435699463","",""
"3.1919977627694607","4.981428146362305","",""
"3.1924403738230467","4.993917465209961","",""
"3.193554235622287","4.9854302406311035","",""
"3.1939977779984474","4.981517791748047","",""
"3.1944389920681715","4.993973731994629","",""
"3.1955528538674116","4.985461711883545","",""
"3.195997793227434","4.981527328491211","",""
"3.196439240127802","4.993982791900635","",""
"3.197553101927042","4.98546028137207","",""
"3.197997808456421","4.98152494430542","",""
"3.198439721018076","4.9939866065979","",""
"3.1991074793040752","4.9881911277771","",""
"3.1999978236854076","4.981532096862793","",""
"3.2004392705857754","4.993985652923584","",""
"3.2011070288717747","4.988185405731201","",""
"3.2019978389143944","4.9815168380737305","",""
"3.202439984306693","4.9939799308776855","",""
"3.2031075097620487","4.988182544708252","",""
"3.203997854143381","4.981520652770996","",""
"3.2044395338743925","4.993974685668945","",""
"3.2048840075731277","4.989035129547119","",""
"3.205997869372368","4.981502532958984","",""
"3.206439781934023","4.993964195251465","",""
"3.206884488463402","4.989025592803955","",""
"3.2079978846013546","4.981499195098877","",""
"3.2084397971630096","4.993959426879883","",""
"3.208884270861745","4.989020347595215","",""
"3.2099978998303413","4.981492519378662","",""
"3.2104405108839273","4.993969440460205","",""
"3.2108414452522993","4.989165782928467","",""
"3.211997915059328","4.9815239906311035","",""
"3.212439827620983","4.993993282318115","",""
"3.2125157304108143","4.989960670471191","",""
"3.213997930288315","4.9815473556518555","",""
"3.2144307624548674","4.993801116943359","",""
"3.214438445866108","4.993982315063477","",""
"3.2159979455173016","4.981484413146973","",""
"3.216440323740244","4.993949890136719","",""
"3.2179977279156446","4.981490612030029","",""
"3.2182601280510426","4.990077018737793","",""
"3.218440106138587","4.993958950042725","",""
"3.2199977431446314","4.981509685516357","",""
"3.220262238755822","4.990137100219727","",""
"3.220437793061137","4.993926048278809","",""
"3.221997758373618","4.9813971519470215","",""
"3.222239436581731","4.989572525024414","",""
"3.2224382739514112","4.993809223175049","",""
"3.223997773602605","4.981246471405029","",""
"3.2240021973848343","4.984835624694824","",""
"3.224440384656191","4.99370002746582","",""
"3.225990803912282","4.981267929077148","",""
"3.226439468562603","4.9936370849609375","",""
"3.227990586310625","4.981194972991943","",""
"3.2279978040605783","4.981121063232422","",""
"3.228440647944808","4.993589401245117","",""
"3.229771042242646","4.983268737792969","",""
"3.229997819289565","4.981115341186523","",""
"3.230439266189933","4.993556499481201","",""
"3.2317705918103456","4.983212471008301","",""
"3.231997834518552","4.981051921844482","",""
"3.232441609725356","4.993541717529297","",""
"3.2337692100554705","4.983275413513184","",""
"3.2339978497475386","4.981110572814941","",""
"3.234440926462412","4.993600368499756","",""
"3.235558746382594","4.985069274902344","",""
"3.2359978649765253","4.981184482574463","",""
"3.2364404760301113","4.9936723709106445","",""
"3.2375636510550976","4.985107421875","",""
"3.237997880205512","4.981262683868408","",""
"3.238446544855833","4.993892192840576","",""
"3.2393913716077805","4.986678123474121","",""
"3.239997895434499","4.981699466705322","",""
"3.240438876673579","4.994193077087402","",""
"3.2415580935776234","4.985727310180664","",""
"3.2419979106634855","4.981862545013428","",""
"3.2424386590719223","4.994328022003174","",""
"3.2435578759759665","4.985820293426514","",""
"3.2439979258924723","4.981940269470215","",""
"3.244437277317047","4.994363307952881","",""
"3.2451078295707703","4.988556385040283","",""
"3.2459977082908154","4.9818925857543945","",""
"3.2464361283928156","4.9942708015441895","",""
"3.2471069134771824","4.98842191696167","",""
"3.247997723519802","4.981701850891113","",""
"3.2484375406056643","4.994091987609863","",""
"3.2490314915776253","4.9885687828063965","",""
"3.249997738748789","4.981493949890137","",""
"3.2504373230040073","4.993871212005615","",""
"3.2508359290659428","4.989025115966797","",""
"3.2519977539777756","4.981235980987549","",""
"3.252440830692649","4.9936842918396","",""
"3.2528864685446024","4.988719463348389","",""
"3.2539977692067623","4.981144428253174","",""
"3.2544410787522793","4.99360990524292","",""
"3.254886716604233","4.988658428192139","",""
"3.255997784435749","4.981112957000732","",""
"3.2564401626586914","4.993566989898682","",""
"3.256589872762561","4.989312648773193","",""
"3.257997799664736","4.981067657470703","",""
"3.2584418077021837","4.993564605712891","",""
"3.2585179433226585","4.989532947540283","",""
"3.2599978148937225","4.981135845184326","",""
"3.260428784415126","4.993340969085693","",""
"3.2619978301227093","4.981165885925293","",""
"3.2624409068375826","4.993653297424316","",""
"3.263997845351696","4.981234550476074","",""
"3.2644399907439947","4.993707180023193","",""
"3.2659978605806828","4.9812750816345215","",""
"3.2662455923855305","4.989580154418945","",""
"3.2664407044649124","4.993762969970703","",""
"3.2679978758096695","4.981344223022461","",""
"3.2682486344128847","4.989710330963135","",""
"3.268440952524543","4.993844032287598","",""
"3.2699978910386562","4.98145866394043","",""
"3.2700023148208857","4.985049247741699","",""
"3.270438639447093","4.993910789489746","",""
"3.2719906885176897","4.981530666351318","",""
"3.271997906267643","4.981460094451904","",""
"3.2724393531680107","4.993919372558594","",""
"3.2739907037466764","4.981535911560059","",""
"3.2739979214966297","4.9814653396606445","",""
"3.274439601227641","4.993925094604492","",""
"3.27576813288033","4.983641624450684","",""
"3.275997703894973","4.981467247009277","",""
"3.276438917964697","4.99390983581543","",""
"3.2777676824480295","4.983604431152344","",""
"3.2779977191239595","4.9814229011535645","",""
"3.278439398854971","4.993870735168457","",""
"3.279767232015729","4.983574390411377","",""
"3.2799977343529463","4.981388568878174","",""
"3.280437784269452","4.993800163269043","",""
"3.2817337196320295","4.983739376068115","",""
"3.281997749581933","4.981249809265137","",""
"3.2824398949742317","4.993699550628662","",""
"3.2835612073540688","4.985083103179932","",""
"3.2839977648109198","4.98119592666626","",""
"3.284439677372575","4.9936418533325195","",""
"3.285558894276619","4.985043048858643","",""
"3.2859977800399065","4.981137275695801","",""
"3.2864403910934925","4.993602275848389","",""
"3.287559375166893","4.985023021697998","",""
"3.2879977952688932","4.981127738952637","",""
"3.288439242169261","4.993570804595947","",""
"3.289557062089443","4.984987735748291","",""
"3.28999781049788","4.981070518493652","",""
"3.2904394902288914","4.9935126304626465","",""
"3.2911093439906836","4.987686634063721","",""
"3.2919978257268667","4.9810075759887695","",""
"3.2924399711191654","4.99346399307251","",""
"3.2931098248809576","4.987645149230957","",""
"3.2939978409558535","4.980978012084961","",""
"3.294441383332014","4.993468284606934","",""
"3.2951112370938063","4.9876708984375","",""
"3.29599785618484","4.981038570404053","",""
"3.296441165730357","4.993534564971924","",""
"3.2968870364129543","4.98861026763916","",""
"3.297997871413827","4.9811296463012695","",""
"3.2984402496367693","4.993614196777344","",""
"3.298887051641941","4.988686561584473","",""
"3.2999978866428137","4.981204032897949","",""
"3.300440963357687","4.993704795837402","",""
"3.3008423633873463","4.9889116287231445","",""
"3.3019976690411568","4.981321334838867","",""
"3.3024379517883062","4.993754863739014","",""
"3.3028533216565847","4.988903522491455","",""
"3.303997917100787","4.981277942657471","",""
"3.3044402953237295","4.993749141693115","",""
"3.3045096788555384","4.989745616912842","",""
"3.3059976994991302","4.981304168701172","",""
"3.306439146399498","4.993757247924805","",""
"3.307997714728117","4.981289863586426","",""
"3.3084398601204157","4.993756294250488","",""
"3.3099977299571037","4.98129940032959","",""
"3.3102580346167088","4.989847660064697","",""
"3.310438012704253","4.9937214851379395","",""
"3.3119977451860905","4.981208324432373","",""
"3.3122338354587555","4.989274024963379","",""
"3.3124396577477455","4.993654251098633","",""
"3.313997760415077","4.981154918670654","",""
"3.314240137115121","4.989345073699951","",""
"3.3144396729767323","4.993603229522705","",""
"3.315997775644064","4.981100082397461","",""
"3.3160021994262934","4.984689712524414","",""
"3.3164394553750753","4.993545055389404","",""
"3.3179905731230974","4.981119155883789","",""
"3.3179977908730507","4.981045722961426","",""
"3.3184399362653494","4.993502140045166","",""
"3.319990588352084","4.981090068817139","",""
"3.3199978061020374","4.981016635894775","",""
"3.320439253002405","4.9934563636779785","",""
"3.3217701129615307","4.983113765716553","",""
"3.321997821331024","4.980950355529785","",""
"3.322438569739461","4.993370532989502","",""
"3.3237698953598738","4.983000755310059","",""
"3.323997836560011","4.98082971572876","",""
"3.324440447613597","4.993286609649658","",""
"3.325770376250148","4.9829535484313965","",""
"3.3259978517889977","4.9807915687561035","",""
"3.32644023001194","4.993252277374268","",""
"3.3275573514401913","4.984683036804199","",""
"3.3279978670179844","4.980772018432617","",""
"3.3284411765635014","4.993258953094482","",""
"3.3295585308223963","4.984716415405273","",""
"3.329997882246971","4.980824947357178","",""
"3.33044002763927","4.993293762207031","",""
"3.331558546051383","4.984740734100342","",""
"3.331997897475958","4.980845928192139","",""
"3.3324388787150383","4.993285179138184","",""
"3.3335573971271515","4.984705924987793","",""
"3.3339979127049446","4.9807939529418945","",""
"3.334440989419818","4.993277072906494","",""
"3.33555880934","4.9847307205200195","",""
"3.3359979279339314","4.980842113494873","",""
"3.3364396076649427","4.99330472946167","",""
"3.337110159918666","4.987498760223389","",""
"3.337997943162918","4.980851650238037","",""
"3.3384410198777914","4.993340492248535","",""
"3.3391115721315145","4.987546920776367","",""
"3.339997725561261","4.980925559997559","",""
"3.3404401037842035","4.993402004241943","",""
"3.3411120530217886","4.987601280212402","",""
"3.341997740790248","4.980978488922119","",""
"3.3424412831664085","4.993484973907471","",""
"3.342842683196068","4.9886932373046875","",""
"3.3439977560192347","4.981106758117676","",""
"3.344438038766384","4.993541240692139","",""
"3.344849217683077","4.988706111907959","",""
"3.3459977712482214","4.981072425842285","",""
"3.34643991664052","4.993535995483398","",""
"3.3468427136540413","4.988725662231445","",""
"3.347997786477208","4.981079578399658","",""
"3.3484383020550013","4.993509292602539","",""
"3.348842030391097","4.988685607910156","",""
"3.349997801706195","4.981012344360352","",""
"3.3504392486065626","4.993455410003662","",""
"3.3505086321383715","4.9894490242004395","",""
"3.3519978169351816","4.980951309204102","",""
"3.3524404279887676","4.993420600891113","",""
"3.3539978321641684","4.980958461761475","",""
"3.3544390462338924","4.993401050567627","",""
"3.355997847393155","4.980906963348389","",""
"3.3564302138984203","4.993135929107666","",""
"3.35643975995481","4.993361949920654","",""
"3.357997862622142","4.980881214141846","",""
"3.3582302276045084","4.9888834953308105","",""
"3.3584388438612223","4.993315696716309","",""
"3.3599978778511286","4.980804443359375","",""
"3.3604297786951065","4.9930195808410645","",""
"3.3604393247514963","4.99324369430542","",""
"3.3619978930801153","4.980733394622803","",""
"3.362002084031701","4.984323024749756","",""
"3.3624391071498394","4.993164539337158","",""
"3.363990457728505","4.980711936950684","",""
"3.363997908309102","4.980638027191162","",""
"3.3644407521933317","4.99310827255249","",""
"3.3659907057881355","4.980708122253418","",""
"3.365997923538089","4.980637073516846","",""
"3.3664389047771692","4.9930739402771","",""
"3.3677699975669384","4.982729434967041","",""
"3.3679979387670755","4.980564594268799","",""
"3.36844171397388","4.993060111999512","",""
"3.3697711769491434","4.982781410217285","",""
"3.3699977211654186","4.980634689331055","",""
"3.3704398665577173","4.99310302734375","",""
"3.3717709593474865","4.982805252075195","",""
"3.3719977363944054","4.980656147003174","",""
"3.3724410459399223","4.993149280548096","",""
"3.373560030013323","4.984615325927734","",""
"3.373997751623392","4.980741500854492","",""
"3.3744401298463345","4.993221282958984","",""
"3.3755602780729532","4.984677314758301","",""
"3.375997766852379","4.980804920196533","",""
"3.376440843567252","4.9933037757873535","",""
"3.3774389885365963","4.985644817352295","",""
"3.3779977820813656","4.9809160232543945","",""
"3.3784399274736643","4.993394374847412","",""
"3.3795638009905815","4.984833717346191","",""
"3.3799977973103523","4.980991840362549","",""
"3.380437847226858","4.993422508239746","",""
"3.3815514761954546","4.984890937805176","",""
"3.381997812539339","4.9809393882751465","",""
"3.3824380952864885","4.993356227874756","",""
"3.3834753558039665","4.985353946685791","",""
"3.383997827768326","4.980835914611816","",""
"3.3844448626041412","4.993405818939209","",""
"3.385050455108285","4.987926483154297","",""
"3.3859978429973125","4.981092929840088","",""
"3.3864385914057493","4.993555068969727","",""
"3.3870297484099865","4.988110542297363","",""
"3.3879978582262993","4.981133937835693","",""
"3.3884376753121614","4.993557929992676","",""
"3.3888365142047405","4.98874568939209","",""
"3.389997873455286","4.981054782867432","",""
"3.390438389033079","4.993481636047363","",""
"3.390883095562458","4.988530158996582","",""
"3.3919978886842728","4.980967044830322","",""
"3.3924407325685024","4.99343729019165","",""
"3.392851911485195","4.988600730895996","",""
"3.3939979039132595","4.980972766876221","",""
"3.394440049305558","4.993439674377441","",""
"3.3945839386433363","4.989203453063965","",""
"3.3959979191422462","4.9809889793396","",""
"3.396440064534545","4.993454933166504","",""
"3.3965096808969975","4.989449501037598","",""
"3.397997934371233","4.981005668640137","",""
"3.398425877094269","4.9931464195251465","",""
"3.398436587303877","4.9933929443359375","",""
"3.399997716769576","4.980813503265381","",""
"3.4004312474280596","4.993053913116455","",""
"3.4004407934844494","4.993279457092285","",""
"3.401997731998563","4.980798244476318","",""
"3.4024405758827925","4.993271350860596","",""
"3.4039977472275496","4.980813026428223","",""
"3.404242219403386","4.989049434661865","",""
"3.404440823942423","4.993295192718506","",""
"3.4059977624565363","4.980852127075195","",""
"3.406250150874257","4.989245891571045","",""
"3.4064450301229954","4.993441104888916","",""
"3.407997777685523","4.981170654296875","",""
"3.4080022014677525","4.984762191772461","",""
"3.408438991755247","4.993657112121582","",""
"3.4099908079952","4.981356620788574","",""
"3.4099977929145098","4.981286525726318","",""
"3.4104378428310156","4.993725299835205","",""
"3.4119905903935432","4.981348037719727","",""
"3.4119978081434965","4.981274604797363","",""
"3.412439487874508","4.9937357902526855","",""
"3.413768019527197","4.983469009399414","",""
"3.4139978233724833","4.981295585632324","",""
"3.4144388046115637","4.993739128112793","",""
"3.4157694317400455","4.983433723449707","",""
"3.41599783860147","4.981268405914307","",""
"3.416438354179263","4.9936957359313965","",""
"3.4177706111222506","4.9833478927612305","",""
"3.4179978538304567","4.9811882972717285","",""
"3.418439533561468","4.993636131286621","",""
"3.419761313125491","4.983386039733887","",""
"3.4199978690594435","4.981146812438965","",""
"3.4204383846372366","4.9935688972473145","",""
"3.4215515479445457","4.985001087188721","",""
"3.42199788428843","4.981036186218262","",""
"3.422446781769395","4.993648052215576","",""
"3.4234023187309504","4.986326217651367","",""
"3.4239976666867733","4.981393814086914","",""
"3.4244393464177847","4.9938859939575195","",""
"3.425553673878312","4.985429286956787","",""
"3.4259979147464037","4.981521129608154","",""
"3.4264398273080587","4.994003772735596","",""
"3.427559742704034","4.9854888916015625","",""
"3.4279979299753904","4.981621742248535","",""
"3.4284372813999653","4.994041442871094","",""
"3.4291078336536884","4.988229751586914","",""
"3.4299977123737335","4.9815592765808105","",""
"3.430438693612814","4.993992805480957","",""
"3.4311094786971807","4.988171577453613","",""
"3.4319977276027203","4.981502532958984","",""
"3.4324382431805134","4.993922710418701","",""
"3.4330335911363363","4.988422393798828","",""
"3.433997742831707","4.981400966644287","",""
"3.434445010498166","4.993968963623047","",""
"3.434850834310055","4.989174842834473","",""
"3.4359977580606937","4.981651782989502","",""
"3.4364385064691305","4.994107246398926","",""
"3.436884842813015","4.989180564880371","",""
"3.4379977732896805","4.981678485870361","",""
"3.438437357544899","4.994091033935547","",""
"3.4388836938887835","4.989140510559082","",""
"3.439997788518667","4.981579780578613","",""
"3.440437139943242","4.993969440460205","",""
"3.4405868500471115","4.989706993103027","",""
"3.441997803747654","4.9813923835754395","",""
"3.4424399491399527","4.993833541870117","",""
"3.442515851929784","4.9897966384887695","",""
"3.4439978189766407","4.9813079833984375","",""
"3.444438800215721","4.993730068206787","",""
"3.4459978342056274","4.981178283691406","",""
"3.446439513936639","4.993612766265869","",""
"3.447997849434614","4.981076717376709","",""
"3.448441158980131","4.993553161621094","",""
"3.449997864663601","4.981081962585449","",""
"3.45022464171052","4.988976001739502","",""
"3.450439777225256","4.993536472320557","",""
"3.4519978798925877","4.98105001449585","",""
"3.4524390939623117","4.993486404418945","",""
"3.4539978951215744","4.980973720550537","",""
"3.45400208607316","4.984562873840332","",""
"3.4544405061751604","4.993439197540283","",""
"3.455990459769964","4.9810380935668945","",""
"3.455997910350561","4.980964660644531","",""
"3.456440521404147","4.993436336517334","",""
"3.457990474998951","4.981053352355957","",""
"3.457997925579548","4.980979919433594","",""
"3.4584396053105593","4.993435859680176","",""
"3.459770465269685","4.983119964599609","",""
"3.4599979408085346","4.980963230133057","",""
"3.4604393877089024","4.993408679962158","",""
"3.4617704804986715","4.983076095581055","",""
"3.4619977232068777","4.980917930603027","",""
"3.4624405670911074","4.993389129638672","",""
"3.4637709613889456","4.9830827713012695","",""
"3.4639977384358644","4.98093318939209","",""
"3.4644403494894505","4.993407726287842","",""
"3.4655595663934946","4.984850883483887","",""
"3.465997753664851","4.9809651374816895","",""
"3.466440364718437","4.993444919586182","",""
"3.4675593487918377","4.98490047454834","",""
"3.467997768893838","4.981016635894775","",""
"3.4684408456087112","4.993509292602539","",""
"3.4695633221417665","4.984952449798584","",""
"3.4699977841228247","4.981105327606201","",""
"3.4704396966844797","4.993579387664795","",""
"3.471350995823741","4.986469745635986","",""
"3.4719977993518114","4.9811553955078125","",""
"3.4724450670182705","4.993748188018799","",""
"3.473397344350815","4.986462593078613","",""
"3.473997814580798","4.981503486633301","",""
"3.474437166005373","4.993949890136719","",""
"3.47511051222682","4.988158702850342","",""
"3.475997829809785","4.981536865234375","",""
"3.476439043879509","4.993996620178223","",""
"3.477108897641301","4.988205909729004","",""
"3.4779978450387716","4.981569290161133","",""
"3.47843742929399","4.993984222412109","",""
"3.47911030985415","4.988150596618652","",""
"3.4799978602677584","4.981480598449707","",""
"3.480437910184264","4.993890285491943","",""
"3.4808446653187275","4.9890456199646","",""
"3.481997875496745","4.981348514556885","",""
"3.4824374597519636","4.993741512298584","",""
"3.482881933450699","4.988770484924316","",""
"3.483997890725732","4.981154918670654","",""
"3.4844474866986275","4.993770599365234","",""
"3.48485354334116","4.988986015319824","",""
"3.4859979059547186","4.981502056121826","",""
"3.4864377230405807","4.993947505950928","",""
"3.486587665975094","4.989700794219971","",""
"3.4879979211837053","4.981505870819092","",""
"3.488444024696946","4.994076251983643","",""
"3.4885138738900423","4.990075588226318","",""
"3.4899977035820484","4.981790542602539","",""
"3.4904375206679106","4.99423885345459","",""
"3.491997718811035","4.981819152832031","",""
"3.4924382343888283","4.994253635406494","",""
"3.493997734040022","4.981785774230957","",""
"3.494438948109746","4.994226932525635","",""
"3.4959977492690086","4.98175048828125","",""
"3.4962338395416737","4.989821434020996","",""
"3.4964396618306637","4.994204044342041","",""
"3.4979977644979954","4.981736660003662","",""
"3.4982210490852594","4.989562034606934","",""
"3.498438745737076","4.994174003601074","",""
"3.4999989438802004","4.98166561126709","",""
"3.5000001080334187","4.984922409057617","",""
